-- MySQL dump 10.13  Distrib 8.0.34, for Win64 (x86_64)
--
-- Host: muscle-maker.site    Database: muscle_maker
-- ------------------------------------------------------
-- Server version	8.3.0

/*!40101 SET @OLD_CHARACTER_SET_CLIENT=@@CHARACTER_SET_CLIENT */;
/*!40101 SET @OLD_CHARACTER_SET_RESULTS=@@CHARACTER_SET_RESULTS */;
/*!40101 SET @OLD_COLLATION_CONNECTION=@@COLLATION_CONNECTION */;
/*!50503 SET NAMES utf8 */;
/*!40103 SET @OLD_TIME_ZONE=@@TIME_ZONE */;
/*!40103 SET TIME_ZONE='+00:00' */;
/*!40014 SET @OLD_UNIQUE_CHECKS=@@UNIQUE_CHECKS, UNIQUE_CHECKS=0 */;
/*!40014 SET @OLD_FOREIGN_KEY_CHECKS=@@FOREIGN_KEY_CHECKS, FOREIGN_KEY_CHECKS=0 */;
/*!40101 SET @OLD_SQL_MODE=@@SQL_MODE, SQL_MODE='NO_AUTO_VALUE_ON_ZERO' */;
/*!40111 SET @OLD_SQL_NOTES=@@SQL_NOTES, SQL_NOTES=0 */;

--
-- Table structure for table `authority`
--

DROP TABLE IF EXISTS `authority`;
/*!40101 SET @saved_cs_client     = @@character_set_client */;
/*!50503 SET character_set_client = utf8mb4 */;
CREATE TABLE `authority` (
  `authority_name` varchar(50) NOT NULL,
  PRIMARY KEY (`authority_name`)
) ENGINE=InnoDB DEFAULT CHARSET=utf8mb4 COLLATE=utf8mb4_0900_ai_ci;
/*!40101 SET character_set_client = @saved_cs_client */;

--
-- Dumping data for table `authority`
--

LOCK TABLES `authority` WRITE;
/*!40000 ALTER TABLE `authority` DISABLE KEYS */;
INSERT INTO `authority` VALUES ('ROLE_ADMIN'),('ROLE_USER');
/*!40000 ALTER TABLE `authority` ENABLE KEYS */;
UNLOCK TABLES;

--
-- Table structure for table `basket`
--

DROP TABLE IF EXISTS `basket`;
/*!40101 SET @saved_cs_client     = @@character_set_client */;
/*!50503 SET character_set_client = utf8mb4 */;
CREATE TABLE `basket` (
  `basket_id` int NOT NULL AUTO_INCREMENT,
  `created_at` datetime(6) DEFAULT NULL,
  `flag` bit(1) NOT NULL DEFAULT b'0',
  `modified_at` datetime(6) DEFAULT NULL,
  `user_id` int DEFAULT NULL,
  PRIMARY KEY (`basket_id`),
  UNIQUE KEY `UK_3nnxr5aak5yc79vn6ws9gcw4t` (`user_id`),
  CONSTRAINT `FKfp7yinn3dh4sy1ia364xp3d9g` FOREIGN KEY (`user_id`) REFERENCES `user` (`user_id`)
) ENGINE=InnoDB AUTO_INCREMENT=22 DEFAULT CHARSET=utf8mb4 COLLATE=utf8mb4_0900_ai_ci;
/*!40101 SET character_set_client = @saved_cs_client */;

--
-- Dumping data for table `basket`
--

LOCK TABLES `basket` WRITE;
/*!40000 ALTER TABLE `basket` DISABLE KEYS */;
INSERT INTO `basket` VALUES (1,'2024-02-16 03:00:34.602157',_binary '\0','2024-02-16 03:00:34.602157',1),(2,'2024-02-16 03:19:58.668317',_binary '\0','2024-02-16 03:19:58.668317',2),(3,'2024-02-16 03:23:52.797428',_binary '\0','2024-02-16 03:23:52.797428',3),(4,'2024-02-16 03:43:29.918423',_binary '\0','2024-02-16 03:43:29.918423',4),(5,'2024-02-16 08:38:41.766334',_binary '\0','2024-02-16 08:38:41.766334',5),(6,'2024-02-16 08:39:43.031573',_binary '\0','2024-02-16 08:39:43.031573',6),(7,'2024-02-16 08:41:02.276325',_binary '\0','2024-02-16 08:41:02.276325',7),(8,'2024-02-16 09:00:13.557307',_binary '\0','2024-02-16 09:00:13.557307',8),(9,'2024-02-16 09:00:38.948431',_binary '\0','2024-02-16 09:00:38.948431',9),(10,'2024-02-16 09:03:40.583650',_binary '\0','2024-02-16 09:03:40.583650',10),(11,'2024-02-16 09:05:31.905025',_binary '\0','2024-02-16 09:05:31.905025',11),(12,'2024-02-16 09:08:34.220448',_binary '\0','2024-02-16 09:08:34.220448',12),(13,'2024-02-16 09:23:14.159736',_binary '\0','2024-02-16 09:23:14.159736',13),(14,'2024-02-16 09:39:29.759910',_binary '\0','2024-02-16 09:39:29.759910',14),(15,'2024-02-16 10:56:51.208155',_binary '\0','2024-02-16 10:56:51.208155',15),(16,'2024-02-16 11:06:02.766303',_binary '\0','2024-02-16 11:06:02.766303',16),(17,'2024-02-16 11:14:43.500163',_binary '\0','2024-02-16 11:14:43.500163',17),(18,'2024-02-16 11:15:37.522368',_binary '\0','2024-02-16 11:15:37.522368',18),(19,'2024-02-16 11:20:50.478680',_binary '\0','2024-02-16 11:20:50.478680',19),(20,'2024-02-16 11:21:23.859093',_binary '\0','2024-02-16 11:21:23.859093',20),(21,'2024-02-18 01:16:00.475340',_binary '\0','2024-02-18 01:16:00.475340',21);
/*!40000 ALTER TABLE `basket` ENABLE KEYS */;
UNLOCK TABLES;

--
-- Table structure for table `calendar`
--

DROP TABLE IF EXISTS `calendar`;
/*!40101 SET @saved_cs_client     = @@character_set_client */;
/*!50503 SET character_set_client = utf8mb4 */;
CREATE TABLE `calendar` (
  `calendar_id` int NOT NULL AUTO_INCREMENT,
  `created_at` datetime(6) DEFAULT NULL,
  `flag` bit(1) NOT NULL DEFAULT b'0',
  `modified_at` datetime(6) DEFAULT NULL,
  `achieve_count` int DEFAULT NULL,
  `date` date DEFAULT NULL,
  `member_count` int DEFAULT NULL,
  `club_id` int DEFAULT NULL,
  PRIMARY KEY (`calendar_id`),
  KEY `FKffmwxjxo9g9384ernnbdigsi7` (`club_id`),
  CONSTRAINT `FKffmwxjxo9g9384ernnbdigsi7` FOREIGN KEY (`club_id`) REFERENCES `club` (`club_id`)
) ENGINE=InnoDB AUTO_INCREMENT=27 DEFAULT CHARSET=utf8mb4 COLLATE=utf8mb4_0900_ai_ci;
/*!40101 SET character_set_client = @saved_cs_client */;

--
-- Dumping data for table `calendar`
--

LOCK TABLES `calendar` WRITE;
/*!40000 ALTER TABLE `calendar` DISABLE KEYS */;
INSERT INTO `calendar` VALUES (1,'2024-02-16 08:50:55.027803',_binary '\0','2024-02-16 08:50:55.027803',0,'2024-02-15',1,1),(3,'2024-02-16 09:00:00.008839',_binary '\0','2024-02-16 09:00:00.008839',0,'2024-02-16',1,1),(4,'2024-02-16 09:00:00.013587',_binary '\0','2024-02-16 10:00:23.663277',0,'2024-02-16',6,2),(5,'2024-02-16 09:22:01.488724',_binary '\0','2024-02-16 10:19:01.119600',0,'2024-02-16',7,3),(8,'2024-02-16 00:31:20.000000',_binary '\0','2024-02-16 00:31:20.000000',1,'2024-02-09',1,2),(9,'2024-02-16 00:31:25.000000',_binary '\0','2024-02-16 00:31:25.000000',1,'2024-02-10',1,2),(10,'2024-02-16 00:31:29.000000',_binary '\0','2024-02-16 00:31:29.000000',1,'2024-02-11',1,2),(11,'2024-02-16 00:31:30.000000',_binary '\0','2024-02-16 00:31:30.000000',1,'2024-02-12',1,2),(12,'2024-02-16 00:31:31.000000',_binary '\0','2024-02-16 00:31:31.000000',1,'2024-02-13',1,2),(13,'2024-02-16 00:31:33.000000',_binary '\0','2024-02-16 00:31:33.000000',1,'2024-02-14',1,2),(14,'2024-02-16 00:31:34.000000',_binary '\0','2024-02-16 00:31:34.000000',1,'2024-02-15',1,2),(15,'2024-02-16 11:24:22.785646',_binary '\0','2024-02-16 11:24:36.535381',0,'2024-02-16',2,4),(16,'2024-02-16 13:38:26.734565',_binary '\0','2024-02-16 13:38:26.734565',0,'2024-02-16',1,5),(17,'2024-02-17 09:00:00.009823',_binary '\0','2024-02-17 09:00:00.009823',0,'2024-02-17',1,1),(18,'2024-02-17 09:00:00.012285',_binary '\0','2024-02-17 09:00:00.012285',0,'2024-02-17',6,2),(19,'2024-02-17 09:00:00.014046',_binary '\0','2024-02-17 09:00:00.014046',0,'2024-02-17',7,3),(20,'2024-02-17 09:00:00.015884',_binary '\0','2024-02-17 09:00:00.015884',0,'2024-02-17',2,4),(21,'2024-02-17 09:00:00.017950',_binary '\0','2024-02-17 09:00:00.017950',0,'2024-02-17',1,5),(22,'2024-02-18 09:00:00.003982',_binary '\0','2024-02-18 09:00:00.003982',0,'2024-02-18',1,1),(23,'2024-02-18 09:00:00.006310',_binary '\0','2024-02-18 09:00:00.006310',0,'2024-02-18',6,2),(24,'2024-02-18 09:00:00.008303',_binary '\0','2024-02-18 09:00:00.008303',0,'2024-02-18',7,3),(25,'2024-02-18 09:00:00.010031',_binary '\0','2024-02-18 09:00:00.010031',0,'2024-02-18',2,4),(26,'2024-02-18 09:00:00.011878',_binary '\0','2024-02-18 09:00:00.011878',0,'2024-02-18',1,5);
/*!40000 ALTER TABLE `calendar` ENABLE KEYS */;
UNLOCK TABLES;

--
-- Table structure for table `club`
--

DROP TABLE IF EXISTS `club`;
/*!40101 SET @saved_cs_client     = @@character_set_client */;
/*!50503 SET character_set_client = utf8mb4 */;
CREATE TABLE `club` (
  `club_id` int NOT NULL AUTO_INCREMENT,
  `created_at` datetime(6) DEFAULT NULL,
  `flag` bit(1) NOT NULL DEFAULT b'0',
  `modified_at` datetime(6) DEFAULT NULL,
  `category` bit(1) DEFAULT NULL,
  `exp` int DEFAULT NULL,
  `goal` varchar(100) DEFAULT NULL,
  `image` varchar(255) DEFAULT NULL,
  `level` int DEFAULT NULL,
  `success_days` int DEFAULT NULL,
  `title` varchar(50) DEFAULT NULL,
  PRIMARY KEY (`club_id`)
) ENGINE=InnoDB AUTO_INCREMENT=6 DEFAULT CHARSET=utf8mb4 COLLATE=utf8mb4_0900_ai_ci;
/*!40101 SET character_set_client = @saved_cs_client */;

--
-- Dumping data for table `club`
--

LOCK TABLES `club` WRITE;
/*!40000 ALTER TABLE `club` DISABLE KEYS */;
INSERT INTO `club` VALUES (1,'2024-02-16 08:50:54.997602',_binary '\0','2024-02-16 08:50:55.037778',_binary '\0',0,'월,수,금 저녁 8시 한강 조깅','https://musclebucket.s3.ap-northeast-2.amazonaws.com/club-images/%EC%9A%B4%EB%8F%992.jpg',0,0,'용산구운동좋아하는사람'),(2,'2024-02-09 00:26:15.000000',_binary '\0','2024-02-16 08:52:14.633382',_binary '\0',60,'하루에 한번 어떤 운동이든 인증하기!','https://musclebucket.s3.ap-northeast-2.amazonaws.com/default-images/exercise_default_image.jpg',0,6,'?헬짱되자?'),(3,'2024-02-16 09:22:01.478500',_binary '\0','2024-02-16 09:22:01.494283',_binary '',0,'점심은 샐러드 먹기 클럽 !','https://musclebucket.s3.ap-northeast-2.amazonaws.com/club-images/images.jpeg',0,0,'?? 맛있는 식단 ??'),(4,'2024-02-16 11:24:22.779120',_binary '\0','2024-02-16 11:24:22.788549',_binary '\0',0,'1주일에 3시간 이상 헬스장 가기!!!!!','https://musclebucket.s3.ap-northeast-2.amazonaws.com/club-images/%ED%81%B4%EB%9F%BD%EC%82%AC%EC%A7%841.jpg',0,0,'싸피생들은운동하러와'),(5,'2024-02-16 13:38:26.732054',_binary '\0','2024-02-16 13:38:26.737670',_binary '\0',0,'1일 1운동','https://musclebucket.s3.ap-northeast-2.amazonaws.com/default-images/exercise_default_image.jpg',0,0,'매일 운동하자');
/*!40000 ALTER TABLE `club` ENABLE KEYS */;
UNLOCK TABLES;

--
-- Table structure for table `comments`
--

DROP TABLE IF EXISTS `comments`;
/*!40101 SET @saved_cs_client     = @@character_set_client */;
/*!50503 SET character_set_client = utf8mb4 */;
CREATE TABLE `comments` (
  `comment_id` int NOT NULL AUTO_INCREMENT,
  `created_at` datetime(6) DEFAULT NULL,
  `flag` bit(1) NOT NULL DEFAULT b'0',
  `modified_at` datetime(6) DEFAULT NULL,
  `content` varchar(255) DEFAULT NULL,
  `feed_id` int DEFAULT NULL,
  `user_id` int DEFAULT NULL,
  PRIMARY KEY (`comment_id`),
  KEY `FKm9jy37bfpcnjfw9jwstru0j2y` (`feed_id`),
  KEY `FKqi14bvepnwtjbbaxm7m4v44yg` (`user_id`),
  CONSTRAINT `FKm9jy37bfpcnjfw9jwstru0j2y` FOREIGN KEY (`feed_id`) REFERENCES `feed` (`feed_id`),
  CONSTRAINT `FKqi14bvepnwtjbbaxm7m4v44yg` FOREIGN KEY (`user_id`) REFERENCES `user` (`user_id`)
) ENGINE=InnoDB AUTO_INCREMENT=65 DEFAULT CHARSET=utf8mb4 COLLATE=utf8mb4_0900_ai_ci;
/*!40101 SET character_set_client = @saved_cs_client */;

--
-- Dumping data for table `comments`
--

LOCK TABLES `comments` WRITE;
/*!40000 ALTER TABLE `comments` DISABLE KEYS */;
INSERT INTO `comments` VALUES (1,'2024-02-16 03:44:42.008992',_binary '\0','2024-02-16 03:44:42.008992','100회 하시죠.',1,4),(2,'2024-02-16 08:44:22.468559',_binary '\0','2024-02-16 08:44:22.468559','저도 같이 하고 싶어요!!',1,5),(3,'2024-02-16 09:02:42.721216',_binary '\0','2024-02-16 09:02:42.721216','다리는 언제 하시나요',3,8),(4,'2024-02-16 09:06:34.199007',_binary '\0','2024-02-16 09:06:34.199007','맛있나요?',9,9),(5,'2024-02-16 09:15:40.854232',_binary '\0','2024-02-16 09:15:40.854232','큐브 추천 드릴게요!!',9,5),(6,'2024-02-16 09:18:07.169721',_binary '\0','2024-02-16 09:18:07.169721','자세가 좀..',7,9),(7,'2024-02-16 09:31:11.964887',_binary '\0','2024-02-16 09:31:11.964887','못생겼어요!',13,5),(8,'2024-02-16 09:55:36.285404',_binary '\0','2024-02-16 09:55:36.285404','날씨 좋다@@',59,10),(9,'2024-02-16 09:55:49.003777',_binary '\0','2024-02-16 09:55:49.003777','하루하고 안갈줄 알았는데 꾸준히 가네?',55,10),(10,'2024-02-16 09:56:02.896859',_binary '\0','2024-02-16 09:56:02.896859','멋지다 소여니',53,10),(11,'2024-02-16 09:56:20.290892',_binary '\0','2024-02-16 09:56:20.290892','강아지가 다이어트중?',13,10),(12,'2024-02-16 09:56:34.356616',_binary '\0','2024-02-16 09:56:34.356616','저거 먹으면 살찌겠다 양많아서',12,10),(13,'2024-02-16 09:56:43.252121',_binary '\0','2024-02-16 09:56:43.252121','여기야?',55,12),(14,'2024-02-16 09:56:55.852390',_binary '\0','2024-02-16 09:56:55.852390','두개로 치면 고수',59,12),(15,'2024-02-16 09:57:02.477898',_binary '\0','2024-02-16 09:57:02.477898','트래킹 멋지다',10,10),(16,'2024-02-16 09:57:09.363746',_binary '\0','2024-02-16 09:57:09.363746','테니스장 어딘가요?',59,14),(17,'2024-02-16 10:01:08.300590',_binary '\0','2024-02-16 10:01:08.300590','가신거 맞죠?',15,12),(18,'2024-02-16 10:04:16.597785',_binary '\0','2024-02-16 10:04:16.597785','이쁘다',64,4),(19,'2024-02-16 10:04:19.363859',_binary '\0','2024-02-16 10:04:19.363859','살!!!!!',64,4),(20,'2024-02-16 10:05:12.090643',_binary '\0','2024-02-16 10:05:12.090643','신공덕동에 있어요!!',59,5),(21,'2024-02-16 10:17:41.085178',_binary '\0','2024-02-16 10:17:41.085178','와우 맛있겠다.',16,4),(22,'2024-02-16 10:18:07.586460',_binary '\0','2024-02-16 10:18:07.586460','오 태양표네요',52,4),(23,'2024-02-16 10:20:59.582439',_binary '\0','2024-02-16 10:20:59.582439','누구죠',68,12),(24,'2024-02-16 10:21:18.231222',_binary '\0','2024-02-16 10:21:18.231222','20가셔야쥬',66,12),(25,'2024-02-16 10:21:21.921042',_binary '\0','2024-02-16 10:21:21.921042','그래도 2kg은 심하다',66,11),(26,'2024-02-16 10:21:33.883064',_binary '\0','2024-02-16 10:21:33.883064','너무 벗은거 아님?',68,11),(27,'2024-02-16 10:21:47.726934',_binary '\0','2024-02-16 10:21:47.726934','바지 너무 올렸다. 내려입으셈',65,11),(28,'2024-02-16 10:21:50.781908',_binary '\0','2024-02-16 10:21:50.781908','와우',65,12),(29,'2024-02-16 10:22:06.674087',_binary '\0','2024-02-16 10:22:06.674087','얼마?',64,12),(30,'2024-02-16 10:22:11.437347',_binary '\0','2024-02-16 10:22:11.437347','저정도면 사야지^^',64,11),(31,'2024-02-16 10:22:26.028252',_binary '\0','2024-02-16 10:22:26.028252','테니스 한거 맞아?',59,11),(32,'2024-02-16 10:22:43.099340',_binary '\0','2024-02-16 10:22:43.099340','오 집근처에 테니스 장이라니.... 부럽다.',55,11),(33,'2024-02-16 10:22:54.542085',_binary '\0','2024-02-16 10:22:54.542085','여친이야?',14,11),(34,'2024-02-16 10:23:08.037954',_binary '\0','2024-02-16 10:23:08.037954','30분 치신거 맞나요',17,12),(35,'2024-02-16 10:23:12.244135',_binary '\0','2024-02-16 10:23:12.244135','저렇게 데드하면 허리 다나감',7,11),(36,'2024-02-16 10:23:15.015171',_binary '\0','2024-02-16 10:23:15.015171','혼나야겠네',7,11),(37,'2024-02-16 10:23:28.656870',_binary '\0','2024-02-16 10:23:28.656870','이사진 본것같은데 사진도용 아님?',5,11),(38,'2024-02-16 10:25:38.714705',_binary '\0','2024-02-16 10:25:38.714705','근육보소',68,3),(39,'2024-02-16 10:26:37.863899',_binary '\0','2024-02-16 10:26:37.863899','안쪄 찌겠냐?',12,12),(40,'2024-02-16 10:26:40.743696',_binary '\0','2024-02-16 10:26:40.743696','재밌어 보여요',17,2),(41,'2024-02-16 10:26:55.173040',_binary '\0','2024-02-16 10:26:55.173040','닭가슴살 어디꺼죠?',53,2),(42,'2024-02-16 10:30:49.005411',_binary '\0','2024-02-16 10:30:49.005411','아니자나요',68,4),(43,'2024-02-16 10:32:07.100824',_binary '\0','2024-02-16 10:32:07.100824','가운데는 닭가슴살인가요?',75,10),(44,'2024-02-16 10:42:58.381780',_binary '\0','2024-02-16 10:42:58.381780','아보카드 존맛 인증!',75,5),(45,'2024-02-16 10:43:08.587002',_binary '\0','2024-02-16 10:43:08.587002','좋네요',68,5),(46,'2024-02-16 10:43:20.547524',_binary '\0','2024-02-16 10:43:20.547524','ㅋㅋㅋㅋㅋㅋㅋㅋㅋㅋㅋㅋㅋㅋㅋ',66,5),(47,'2024-02-16 10:44:51.697530',_binary '\0','2024-02-16 10:44:51.697530','20만원이요',64,5),(48,'2024-02-16 10:57:27.623315',_binary '\0','2024-02-16 10:57:27.623315','피드가 마음에 들어요 저희 팔로우 해요!',66,8),(49,'2024-02-16 10:58:22.583669',_binary '\0','2024-02-16 10:58:22.583669','본인이세요..?',10,8),(50,'2024-02-16 10:58:41.300626',_binary '\0','2024-02-16 10:58:41.300626','마스크 쓰면 불편하던데',7,8),(51,'2024-02-16 10:58:57.724684',_binary '\0','2024-02-16 10:58:57.724684','시크릿 가든 ㅋㅋ',1,8),(52,'2024-02-16 11:00:36.183866',_binary '\0','2024-02-16 11:00:36.183866','테니스 재밋나요?',11,8),(53,'2024-02-16 11:00:51.004855',_binary '\0','2024-02-16 11:00:51.004855','안가신 거 같은데',15,8),(54,'2024-02-16 11:01:07.746581',_binary '\0','2024-02-16 11:01:07.746581','얼마나 드나요??',57,8),(55,'2024-02-16 11:01:14.360315',_binary '\0','2024-02-16 11:01:14.360315','많이 든다고 들엇는데ㅠ',57,8),(56,'2024-02-16 11:01:26.937556',_binary '\0','2024-02-16 11:01:26.937556','매트랑 색이 비슷하네요 ㅎ',67,8),(57,'2024-02-16 11:04:34.241984',_binary '\0','2024-02-16 11:04:34.241984','색조합이 ..',64,9),(58,'2024-02-16 11:08:26.622791',_binary '\0','2024-02-16 11:08:26.622791','테니스 장 빌리기 힘들던데ㅠ',17,8),(59,'2024-02-16 13:13:15.999790',_binary '\0','2024-02-16 13:13:15.999790','헐 찐 데이터 처음이야',83,5),(60,'2024-02-16 13:13:23.212820',_binary '\0','2024-02-16 13:13:23.212820','개귀엽다',83,5),(61,'2024-02-16 13:13:51.075631',_binary '\0','2024-02-16 13:13:51.075631','다음엔 데드리프트 1톤 해보려구요!',83,13),(62,'2024-02-16 13:14:12.808218',_binary '\0','2024-02-16 13:14:12.808218','ㅋㅋㅋㅋㅋㅋㅋㅋㅋㅋㅋㅋㅋㅋㅋㅋㅋㅋㅋ',83,5),(63,'2024-02-16 13:15:41.222730',_binary '\0','2024-02-16 13:15:41.222730','건강해보이네요~',82,13),(64,'2024-02-16 13:30:02.123676',_binary '\0','2024-02-16 13:30:02.123676','운동 잘하고 오세요',84,14);
/*!40000 ALTER TABLE `comments` ENABLE KEYS */;
UNLOCK TABLES;

--
-- Table structure for table `exercise`
--

DROP TABLE IF EXISTS `exercise`;
/*!40101 SET @saved_cs_client     = @@character_set_client */;
/*!50503 SET character_set_client = utf8mb4 */;
CREATE TABLE `exercise` (
  `exercise_id` int NOT NULL AUTO_INCREMENT,
  `created_at` datetime(6) DEFAULT NULL,
  `flag` bit(1) NOT NULL DEFAULT b'0',
  `modified_at` datetime(6) DEFAULT NULL,
  `name` varchar(100) DEFAULT NULL,
  `number` int NOT NULL,
  `set_time` int NOT NULL,
  `success` bit(1) NOT NULL,
  `type` bit(1) NOT NULL,
  `weight` int NOT NULL,
  `basket_id` int DEFAULT NULL,
  `my_routine_id` int DEFAULT NULL,
  `routine_id` int DEFAULT NULL,
  PRIMARY KEY (`exercise_id`),
  KEY `FKm8ou8n8leg0taavo14ilbe6es` (`basket_id`),
  KEY `FKonfx8683x765h8akpygqn1ryy` (`my_routine_id`),
  KEY `FK4w60c4715la2mn7ycp54j03vi` (`routine_id`),
  CONSTRAINT `FK4w60c4715la2mn7ycp54j03vi` FOREIGN KEY (`routine_id`) REFERENCES `routine` (`routine_id`),
  CONSTRAINT `FKm8ou8n8leg0taavo14ilbe6es` FOREIGN KEY (`basket_id`) REFERENCES `basket` (`basket_id`),
  CONSTRAINT `FKonfx8683x765h8akpygqn1ryy` FOREIGN KEY (`my_routine_id`) REFERENCES `my_routine` (`my_routine_id`)
) ENGINE=InnoDB AUTO_INCREMENT=63 DEFAULT CHARSET=utf8mb4 COLLATE=utf8mb4_0900_ai_ci;
/*!40101 SET character_set_client = @saved_cs_client */;

--
-- Dumping data for table `exercise`
--

LOCK TABLES `exercise` WRITE;
/*!40000 ALTER TABLE `exercise` DISABLE KEYS */;
INSERT INTO `exercise` VALUES (1,'2024-02-16 03:21:56.254165',_binary '\0','2024-02-16 03:21:58.901424','윗몸일으키기',20,3,_binary '\0',_binary '\0',0,NULL,12,NULL),(2,'2024-02-16 03:22:01.538283',_binary '\0','2024-02-16 03:22:04.006759','',0,0,_binary '\0',_binary '\0',0,NULL,12,NULL),(3,'2024-02-16 03:22:14.897526',_binary '\0','2024-02-16 03:22:23.845238','윗몸일으키기',20,2,_binary '\0',_binary '\0',0,NULL,12,NULL),(4,'2024-02-16 03:28:31.030164',_binary '\0','2024-02-16 03:28:45.543805','윗몸일으키기',20,3,_binary '',_binary '\0',0,NULL,19,19),(5,'2024-02-16 03:29:53.922783',_binary '\0','2024-02-16 03:30:05.291504','윗몸일으키기',20,3,_binary '\0',_binary '\0',0,NULL,12,12),(6,'2024-02-16 05:24:45.099258',_binary '\0','2024-02-16 05:24:45.099258','덤벨 프레스',20,10,_binary '\0',_binary '\0',18,NULL,26,26),(7,'2024-02-16 05:48:14.526548',_binary '\0','2024-02-16 05:48:14.526548','윗몸일으키기',20,3,_binary '\0',_binary '\0',0,4,NULL,NULL),(8,'2024-02-16 09:09:40.868262',_binary '\0','2024-02-16 09:09:40.868262','벤치프레스',5,5,_binary '\0',_binary '\0',65,NULL,71,71),(9,'2024-02-16 09:09:53.434167',_binary '\0','2024-02-16 09:09:53.434167','스쿼트',5,5,_binary '\0',_binary '\0',100,NULL,71,71),(10,'2024-02-16 09:10:12.314618',_binary '\0','2024-02-16 09:10:12.314618','데드리프트',1,3,_binary '\0',_binary '\0',150,NULL,71,71),(11,'2024-02-16 09:10:35.033547',_binary '\0','2024-02-16 09:10:35.033547','푸쉬업',10,10,_binary '\0',_binary '\0',0,NULL,72,72),(12,'2024-02-16 09:10:54.756612',_binary '\0','2024-02-16 09:10:54.756612','풀업',10,10,_binary '\0',_binary '\0',0,NULL,72,72),(13,'2024-02-16 09:11:13.683655',_binary '\0','2024-02-16 09:11:13.683655','벤치프래스',5,5,_binary '\0',_binary '\0',65,NULL,73,73),(14,'2024-02-16 09:11:23.431070',_binary '\0','2024-02-16 09:11:23.431070','스쿼트',5,5,_binary '\0',_binary '\0',100,NULL,73,73),(15,'2024-02-16 09:11:35.070910',_binary '\0','2024-02-16 09:11:35.070910','데드리프트',1,3,_binary '\0',_binary '\0',150,NULL,73,73),(16,'2024-02-16 09:11:51.014371',_binary '\0','2024-02-16 09:11:51.014371','푸쉬업',10,10,_binary '\0',_binary '\0',0,NULL,74,74),(17,'2024-02-16 09:12:07.483233',_binary '\0','2024-02-16 09:12:07.483233','스쿼트',10,10,_binary '\0',_binary '\0',0,NULL,74,74),(18,'2024-02-16 09:12:31.593612',_binary '\0','2024-02-16 09:12:31.593612','벤치프레스',5,5,_binary '\0',_binary '\0',65,NULL,75,75),(19,'2024-02-16 09:12:42.988191',_binary '\0','2024-02-16 09:12:42.988191','스쿼트',5,5,_binary '\0',_binary '\0',100,NULL,75,75),(20,'2024-02-16 09:13:13.284626',_binary '\0','2024-02-16 09:13:13.284626','데드리프트',1,3,_binary '\0',_binary '\0',150,NULL,75,75),(21,'2024-02-16 09:13:13.313343',_binary '\0','2024-02-16 09:13:15.437181','데드리프트',1,3,_binary '\0',_binary '\0',150,NULL,75,NULL),(22,'2024-02-16 09:13:24.382338',_binary '\0','2024-02-16 09:14:16.612072','데드리프트',1,3,_binary '\0',_binary '\0',150,NULL,75,NULL),(23,'2024-02-16 09:31:05.408860',_binary '\0','2024-02-16 09:31:13.755259','윗몸일으키기',5,5,_binary '\0',_binary '\0',5,NULL,68,NULL),(24,'2024-02-16 09:31:42.946823',_binary '\0','2024-02-16 09:32:02.718497','벤치프레스',5,5,_binary '\0',_binary '\0',65,NULL,68,68),(25,'2024-02-16 09:31:44.936720',_binary '\0','2024-02-16 09:31:44.936720','스쿼트',5,5,_binary '\0',_binary '\0',100,10,NULL,NULL),(26,'2024-02-16 09:31:46.759524',_binary '\0','2024-02-16 09:31:46.759524','데드리프트',1,3,_binary '\0',_binary '\0',150,10,NULL,NULL),(27,'2024-02-16 10:02:22.688282',_binary '\0','2024-02-16 10:02:22.688282','프레스',20,5,_binary '\0',_binary '\0',30,NULL,82,82),(28,'2024-02-16 10:03:00.572500',_binary '\0','2024-02-16 10:03:00.572500','가슴 프레스',20,12,_binary '\0',_binary '\0',30,NULL,78,78),(29,'2024-02-16 10:04:50.983621',_binary '\0','2024-02-16 10:04:50.983621','달리기(10바퀴)',1,10,_binary '\0',_binary '\0',0,NULL,80,80),(30,'2024-02-16 10:20:40.893710',_binary '\0','2024-02-16 10:22:27.895337','포핸드',10,4,_binary '',_binary '\0',0,NULL,33,33),(31,'2024-02-16 10:20:48.368745',_binary '\0','2024-02-16 10:22:28.535355','백핸드',10,4,_binary '',_binary '\0',0,NULL,33,33),(32,'2024-02-16 10:20:59.019051',_binary '\0','2024-02-16 10:21:35.678257','스쿼트',10,4,_binary '',_binary '\0',20,NULL,32,32),(33,'2024-02-16 10:21:12.136535',_binary '\0','2024-02-16 10:21:36.210674','러닝머신',1,3,_binary '',_binary '\0',0,NULL,32,32),(34,'2024-02-16 10:21:26.557402',_binary '\0','2024-02-16 10:21:26.557402','랠리',10,4,_binary '\0',_binary '\0',0,NULL,34,34),(35,'2024-02-16 10:21:32.904308',_binary '\0','2024-02-16 10:21:32.904308','포핸드',10,4,_binary '\0',_binary '\0',0,NULL,34,34),(36,'2024-02-16 10:22:05.024342',_binary '\0','2024-02-16 10:22:24.245511','데드리프트',10,4,_binary '',_binary '\0',20,NULL,31,31),(37,'2024-02-16 10:22:14.488731',_binary '\0','2024-02-16 10:22:14.488731','힙어브덕션',10,4,_binary '\0',_binary '\0',60,NULL,31,31),(38,'2024-02-16 10:22:21.811521',_binary '\0','2024-02-16 10:22:21.811521','레그 프레스',10,4,_binary '\0',_binary '\0',60,NULL,31,31),(39,'2024-02-16 10:22:37.769200',_binary '\0','2024-02-16 10:22:37.769200','스매시',10,4,_binary '\0',_binary '\0',0,NULL,30,30),(40,'2024-02-16 10:22:43.418851',_binary '\0','2024-02-16 10:22:43.418851','백핸드',10,4,_binary '\0',_binary '\0',0,NULL,30,30),(41,'2024-02-16 10:22:48.979276',_binary '\0','2024-02-16 10:22:48.979276','포핸드',10,4,_binary '\0',_binary '\0',0,NULL,30,30),(42,'2024-02-16 10:22:54.229514',_binary '\0','2024-02-16 10:22:54.229514','랠리',10,4,_binary '\0',_binary '\0',0,NULL,30,30),(43,'2024-02-16 10:23:58.562465',_binary '\0','2024-02-16 11:32:37.545733','벤치프레스',5,5,_binary '\0',_binary '\0',65,NULL,24,24),(44,'2024-02-16 10:44:17.836898',_binary '\0','2024-02-16 10:44:17.836898','등운동',10,10,_binary '\0',_binary '\0',10,NULL,24,24),(45,'2024-02-16 10:44:50.874026',_binary '\0','2024-02-16 10:44:50.874026','철봉',10,5,_binary '\0',_binary '\0',74,NULL,23,23),(46,'2024-02-16 11:02:23.949221',_binary '\0','2024-02-16 11:02:28.779414','스쿼트',0,5,_binary '\0',_binary '\0',0,NULL,61,NULL),(47,'2024-02-16 11:02:43.202141',_binary '\0','2024-02-16 11:02:43.202141','스쿼트',8,5,_binary '\0',_binary '\0',60,NULL,61,61),(48,'2024-02-16 11:03:17.023594',_binary '\0','2024-02-16 11:03:17.023594','레그 익스텐션',10,5,_binary '\0',_binary '\0',35,NULL,61,61),(49,'2024-02-16 11:03:52.182527',_binary '\0','2024-02-16 11:03:52.182527','카프레이즈',10,5,_binary '\0',_binary '\0',0,NULL,61,61),(50,'2024-02-16 11:20:51.396685',_binary '\0','2024-02-16 11:20:58.333717','푸쉬업',10,10,_binary '\0',_binary '\0',10,NULL,68,NULL),(51,'2024-02-16 11:21:32.482701',_binary '\0','2024-02-16 11:21:50.768029','포핸드',10,4,_binary '\0',_binary '\0',0,NULL,68,68),(52,'2024-02-16 11:21:34.775879',_binary '','2024-02-16 11:21:53.211686','백핸드',10,4,_binary '\0',_binary '\0',0,10,NULL,NULL),(53,'2024-02-16 12:16:46.286304',_binary '\0','2024-02-16 12:16:46.286304','스쿼트',10,5,_binary '\0',_binary '\0',500,NULL,89,89),(54,'2024-02-16 13:32:52.079799',_binary '\0','2024-02-16 13:33:06.483488','벤치프레스',10,5,_binary '\0',_binary '\0',50,NULL,96,NULL),(55,'2024-02-16 13:34:42.435099',_binary '\0','2024-02-16 13:34:42.435099','벤치 프레스',10,5,_binary '\0',_binary '\0',50,NULL,96,96),(56,'2024-02-16 13:34:54.040037',_binary '\0','2024-02-16 13:34:54.040037','덤벨 프레스',10,5,_binary '\0',_binary '\0',40,NULL,96,96),(57,'2024-02-16 13:37:42.852002',_binary '','2024-02-16 13:38:10.342336','벤치프레스',5,5,_binary '\0',_binary '\0',65,14,NULL,NULL),(58,'2024-02-16 13:37:44.935798',_binary '','2024-02-16 13:38:12.758551','포핸드',10,4,_binary '\0',_binary '\0',0,14,NULL,NULL),(59,'2024-02-16 13:38:33.755630',_binary '\0','2024-02-16 13:40:24.173600','포핸드',10,4,_binary '\0',_binary '\0',0,NULL,94,94),(60,'2024-02-16 13:38:35.833340',_binary '\0','2024-02-16 13:38:35.833340','백핸드',10,4,_binary '\0',_binary '\0',0,14,NULL,NULL),(61,'2024-02-16 13:40:12.554613',_binary '\0','2024-02-16 13:40:12.554613','포핸드',10,4,_binary '\0',_binary '\0',0,14,NULL,NULL),(62,'2024-02-16 13:40:14.569949',_binary '\0','2024-02-16 13:40:14.569949','백핸드',10,4,_binary '\0',_binary '\0',0,14,NULL,NULL);
/*!40000 ALTER TABLE `exercise` ENABLE KEYS */;
UNLOCK TABLES;

--
-- Table structure for table `favorite`
--

DROP TABLE IF EXISTS `favorite`;
/*!40101 SET @saved_cs_client     = @@character_set_client */;
/*!50503 SET character_set_client = utf8mb4 */;
CREATE TABLE `favorite` (
  `favorite_id` int NOT NULL AUTO_INCREMENT,
  `created_at` datetime(6) DEFAULT NULL,
  `flag` bit(1) NOT NULL DEFAULT b'0',
  `modified_at` datetime(6) DEFAULT NULL,
  `feed_id` int DEFAULT NULL,
  `user_id` int DEFAULT NULL,
  PRIMARY KEY (`favorite_id`),
  KEY `FK6ynx5yrev280jxuya8uk0g6yx` (`feed_id`),
  KEY `FKh3f2dg11ibnht4fvnmx60jcif` (`user_id`),
  CONSTRAINT `FK6ynx5yrev280jxuya8uk0g6yx` FOREIGN KEY (`feed_id`) REFERENCES `feed` (`feed_id`),
  CONSTRAINT `FKh3f2dg11ibnht4fvnmx60jcif` FOREIGN KEY (`user_id`) REFERENCES `user` (`user_id`)
) ENGINE=InnoDB AUTO_INCREMENT=121 DEFAULT CHARSET=utf8mb4 COLLATE=utf8mb4_0900_ai_ci;
/*!40101 SET character_set_client = @saved_cs_client */;

--
-- Dumping data for table `favorite`
--

LOCK TABLES `favorite` WRITE;
/*!40000 ALTER TABLE `favorite` DISABLE KEYS */;
INSERT INTO `favorite` VALUES (1,'2024-02-16 03:44:07.363380',_binary '\0','2024-02-16 03:44:07.363380',1,4),(2,'2024-02-16 09:02:30.846808',_binary '\0','2024-02-16 09:02:30.846808',3,8),(3,'2024-02-16 09:06:23.753852',_binary '\0','2024-02-16 09:06:23.753852',9,10),(4,'2024-02-16 09:06:26.469025',_binary '\0','2024-02-16 09:06:26.469025',8,10),(5,'2024-02-16 09:06:43.978626',_binary '\0','2024-02-16 09:06:43.978626',10,10),(6,'2024-02-16 09:06:55.522764',_binary '\0','2024-02-16 09:06:55.522764',7,10),(7,'2024-02-16 09:15:53.068720',_binary '\0','2024-02-16 09:15:53.068720',7,5),(8,'2024-02-16 09:15:54.314444',_binary '\0','2024-02-16 09:15:54.314444',8,5),(9,'2024-02-16 09:16:03.826449',_binary '\0','2024-02-16 09:16:03.826449',12,5),(10,'2024-02-16 09:17:59.114165',_binary '\0','2024-02-16 09:17:59.114165',8,9),(11,'2024-02-16 09:31:05.458567',_binary '\0','2024-02-16 09:31:05.458567',13,5),(12,'2024-02-16 09:45:44.401624',_binary '\0','2024-02-16 09:45:44.401624',9,5),(13,'2024-02-16 09:55:26.282673',_binary '\0','2024-02-16 09:55:26.282673',59,10),(14,'2024-02-16 09:55:40.617922',_binary '\0','2024-02-16 09:55:40.617922',55,10),(15,'2024-02-16 09:55:54.971433',_binary '\0','2024-02-16 09:55:54.971433',53,10),(16,'2024-02-16 09:56:05.705477',_binary '\0','2024-02-16 09:56:05.705477',17,10),(17,'2024-02-16 09:56:11.348528',_binary '\0','2024-02-16 09:56:11.348528',13,10),(18,'2024-02-16 09:56:18.007524',_binary '\0','2024-02-16 09:56:18.007524',59,12),(19,'2024-02-16 09:56:23.323002',_binary '\0','2024-02-16 09:56:23.323002',12,10),(20,'2024-02-16 09:56:24.958592',_binary '\0','2024-02-16 09:56:24.958592',55,12),(21,'2024-02-16 09:56:55.643039',_binary '\0','2024-02-16 09:56:55.643039',59,14),(22,'2024-02-16 09:57:16.450945',_binary '\0','2024-02-16 09:57:16.450945',55,14),(23,'2024-02-16 09:57:18.891020',_binary '\0','2024-02-16 09:57:18.891020',53,14),(24,'2024-02-16 10:00:48.723258',_binary '\0','2024-02-16 10:00:48.723258',11,12),(25,'2024-02-16 10:00:54.394891',_binary '\0','2024-02-16 10:00:54.394891',15,12),(26,'2024-02-16 10:01:11.320724',_binary '\0','2024-02-16 10:01:11.320724',57,12),(27,'2024-02-16 10:01:14.080367',_binary '\0','2024-02-16 10:01:14.080367',61,12),(28,'2024-02-16 10:04:10.592238',_binary '\0','2024-02-16 10:04:10.592238',64,4),(29,'2024-02-16 10:04:23.245208',_binary '\0','2024-02-16 10:04:23.245208',59,4),(30,'2024-02-16 10:04:33.971368',_binary '\0','2024-02-16 10:04:33.971368',55,4),(31,'2024-02-16 10:04:38.986192',_binary '\0','2024-02-16 10:04:38.986192',53,4),(32,'2024-02-16 10:04:43.676609',_binary '\0','2024-02-16 10:04:43.676609',17,4),(33,'2024-02-16 10:04:46.836429',_binary '\0','2024-02-16 10:04:46.836429',14,4),(34,'2024-02-16 10:07:07.976749',_binary '\0','2024-02-16 10:07:07.976749',66,10),(35,'2024-02-16 10:07:09.892605',_binary '\0','2024-02-16 10:07:09.892605',68,10),(36,'2024-02-16 10:17:27.253315',_binary '\0','2024-02-16 10:17:27.253315',16,4),(37,'2024-02-16 10:17:29.837909',_binary '\0','2024-02-16 10:17:29.837909',52,4),(38,'2024-02-16 10:20:49.585718',_binary '\0','2024-02-16 10:20:49.585718',68,12),(39,'2024-02-16 10:21:04.805766',_binary '\0','2024-02-16 10:21:04.805766',66,12),(40,'2024-02-16 10:21:10.256624',_binary '\0','2024-02-16 10:21:10.256624',68,11),(41,'2024-02-16 10:21:13.738258',_binary '\0','2024-02-16 10:21:13.738258',66,11),(42,'2024-02-16 10:21:34.868394',_binary '\0','2024-02-16 10:21:34.868394',65,12),(43,'2024-02-16 10:21:37.607840',_binary '\0','2024-02-16 10:21:37.607840',65,11),(44,'2024-02-16 10:21:50.115086',_binary '\0','2024-02-16 10:21:50.115086',64,11),(45,'2024-02-16 10:22:16.684788',_binary '\0','2024-02-16 10:22:16.684788',59,11),(46,'2024-02-16 10:22:28.935852',_binary '\0','2024-02-16 10:22:28.935852',55,11),(47,'2024-02-16 10:22:32.796216',_binary '\0','2024-02-16 10:22:32.796216',3,12),(48,'2024-02-16 10:22:34.583653',_binary '\0','2024-02-16 10:22:34.583653',8,12),(49,'2024-02-16 10:22:36.524636',_binary '\0','2024-02-16 10:22:36.524636',9,12),(50,'2024-02-16 10:22:41.323380',_binary '\0','2024-02-16 10:22:41.323380',17,12),(51,'2024-02-16 10:22:46.083815',_binary '\0','2024-02-16 10:22:46.083815',53,11),(52,'2024-02-16 10:22:49.734208',_binary '\0','2024-02-16 10:22:49.734208',14,11),(53,'2024-02-16 10:22:57.739637',_binary '\0','2024-02-16 10:22:57.739637',13,11),(54,'2024-02-16 10:23:02.860107',_binary '\0','2024-02-16 10:23:02.860107',7,11),(55,'2024-02-16 10:23:12.903415',_binary '\0','2024-02-16 10:23:12.903415',53,12),(56,'2024-02-16 10:23:20.242771',_binary '','2024-02-16 10:23:22.203775',5,11),(57,'2024-02-16 10:23:30.108023',_binary '\0','2024-02-16 10:23:30.108023',64,12),(58,'2024-02-16 10:23:34.119691',_binary '\0','2024-02-16 10:23:34.119691',6,12),(59,'2024-02-16 10:23:36.755381',_binary '\0','2024-02-16 10:23:36.755381',10,12),(60,'2024-02-16 10:23:39.001929',_binary '\0','2024-02-16 10:23:39.001929',1,12),(61,'2024-02-16 10:23:40.722293',_binary '\0','2024-02-16 10:23:40.722293',2,12),(62,'2024-02-16 10:23:43.097638',_binary '\0','2024-02-16 10:23:43.097638',4,12),(63,'2024-02-16 10:23:45.224524',_binary '\0','2024-02-16 10:23:45.224524',5,12),(64,'2024-02-16 10:25:29.036933',_binary '\0','2024-02-16 10:25:29.036933',68,3),(65,'2024-02-16 10:26:07.693851',_binary '\0','2024-02-16 10:26:07.693851',68,2),(66,'2024-02-16 10:26:08.993743',_binary '\0','2024-02-16 10:26:08.993743',66,2),(67,'2024-02-16 10:26:10.451414',_binary '\0','2024-02-16 10:26:10.451414',65,2),(68,'2024-02-16 10:26:11.726853',_binary '\0','2024-02-16 10:26:11.726853',64,2),(69,'2024-02-16 10:26:13.056277',_binary '\0','2024-02-16 10:26:13.056277',59,2),(70,'2024-02-16 10:26:15.020672',_binary '\0','2024-02-16 10:26:15.020672',55,2),(71,'2024-02-16 10:26:16.511934',_binary '\0','2024-02-16 10:26:16.511934',53,2),(72,'2024-02-16 10:26:18.557679',_binary '\0','2024-02-16 10:26:18.557679',17,2),(73,'2024-02-16 10:26:20.067633',_binary '\0','2024-02-16 10:26:20.067633',14,2),(74,'2024-02-16 10:30:59.430624',_binary '\0','2024-02-16 10:30:59.430624',65,4),(75,'2024-02-16 10:31:01.472947',_binary '\0','2024-02-16 10:31:01.472947',66,4),(76,'2024-02-16 10:32:00.315895',_binary '\0','2024-02-16 10:32:00.315895',75,10),(77,'2024-02-16 10:32:49.984010',_binary '\0','2024-02-16 10:32:49.984010',75,4),(78,'2024-02-16 10:32:52.391687',_binary '\0','2024-02-16 10:32:52.391687',68,4),(79,'2024-02-16 10:33:10.138974',_binary '\0','2024-02-16 10:33:10.138974',1,10),(80,'2024-02-16 10:35:14.357846',_binary '\0','2024-02-16 10:35:14.357846',12,12),(81,'2024-02-16 10:40:04.019820',_binary '\0','2024-02-16 10:40:04.019820',79,4),(82,'2024-02-16 10:42:48.800645',_binary '\0','2024-02-16 10:42:48.800645',75,5),(83,'2024-02-16 10:43:00.921003',_binary '\0','2024-02-16 10:43:00.921003',68,5),(84,'2024-02-16 10:43:11.630376',_binary '\0','2024-02-16 10:43:11.630376',66,5),(85,'2024-02-16 10:43:12.704064',_binary '\0','2024-02-16 10:43:12.704064',7,4),(86,'2024-02-16 10:43:23.107126',_binary '\0','2024-02-16 10:43:23.107126',65,5),(87,'2024-02-16 10:44:46.776099',_binary '\0','2024-02-16 10:44:46.776099',64,5),(88,'2024-02-16 10:57:01.048772',_binary '\0','2024-02-16 10:57:01.048772',75,8),(89,'2024-02-16 10:57:07.596135',_binary '\0','2024-02-16 10:57:07.596135',68,8),(90,'2024-02-16 10:57:10.671249',_binary '\0','2024-02-16 10:57:10.671249',66,8),(91,'2024-02-16 10:57:12.593963',_binary '\0','2024-02-16 10:57:12.593963',65,8),(92,'2024-02-16 10:58:03.117254',_binary '\0','2024-02-16 10:58:03.117254',64,8),(93,'2024-02-16 10:58:06.034362',_binary '\0','2024-02-16 10:58:06.034362',59,8),(94,'2024-02-16 10:58:07.850455',_binary '\0','2024-02-16 10:58:07.850455',55,8),(95,'2024-02-16 10:58:09.259073',_binary '\0','2024-02-16 10:58:09.259073',53,8),(96,'2024-02-16 10:58:10.943212',_binary '\0','2024-02-16 10:58:10.943212',17,8),(97,'2024-02-16 10:58:12.058315',_binary '\0','2024-02-16 10:58:12.058315',14,8),(98,'2024-02-16 10:58:14.913241',_binary '\0','2024-02-16 10:58:14.913241',12,8),(99,'2024-02-16 10:58:16.563765',_binary '\0','2024-02-16 10:58:16.563765',10,8),(100,'2024-02-16 10:58:26.996793',_binary '\0','2024-02-16 10:58:26.996793',9,8),(101,'2024-02-16 10:58:28.575221',_binary '\0','2024-02-16 10:58:28.575221',8,8),(102,'2024-02-16 10:58:30.514198',_binary '\0','2024-02-16 10:58:30.514198',7,8),(103,'2024-02-16 10:58:44.335181',_binary '\0','2024-02-16 10:58:44.335181',6,8),(104,'2024-02-16 10:58:47.429887',_binary '\0','2024-02-16 10:58:47.429887',5,8),(105,'2024-02-16 10:58:48.783721',_binary '\0','2024-02-16 10:58:48.783721',4,8),(106,'2024-02-16 10:58:52.415682',_binary '\0','2024-02-16 10:58:52.415682',1,8),(107,'2024-02-16 11:00:30.937469',_binary '\0','2024-02-16 11:00:30.937469',11,8),(108,'2024-02-16 11:00:38.746930',_binary '\0','2024-02-16 11:00:38.746930',15,8),(109,'2024-02-16 11:01:03.358902',_binary '\0','2024-02-16 11:01:03.358902',57,8),(110,'2024-02-16 11:01:17.509501',_binary '\0','2024-02-16 11:01:17.509501',61,8),(111,'2024-02-16 11:01:19.313539',_binary '\0','2024-02-16 11:01:19.313539',67,8),(112,'2024-02-16 11:04:37.891743',_binary '','2024-02-16 11:04:39.450459',64,9),(113,'2024-02-16 11:10:14.470366',_binary '\0','2024-02-16 11:10:14.470366',68,14),(114,'2024-02-16 11:20:14.079982',_binary '\0','2024-02-16 11:20:14.079982',82,14),(115,'2024-02-16 11:20:29.099432',_binary '\0','2024-02-16 11:20:29.099432',75,16),(116,'2024-02-16 11:20:52.882495',_binary '\0','2024-02-16 11:20:52.882495',82,3),(117,'2024-02-16 13:13:08.157590',_binary '\0','2024-02-16 13:13:08.157590',83,5),(118,'2024-02-16 13:15:33.457317',_binary '\0','2024-02-16 13:15:33.457317',82,13),(119,'2024-02-16 13:29:56.190950',_binary '\0','2024-02-16 13:29:56.190950',84,14),(120,'2024-02-16 13:31:46.302139',_binary '\0','2024-02-16 13:31:46.302139',84,13);
/*!40000 ALTER TABLE `favorite` ENABLE KEYS */;
UNLOCK TABLES;

--
-- Table structure for table `feed`
--

DROP TABLE IF EXISTS `feed`;
/*!40101 SET @saved_cs_client     = @@character_set_client */;
/*!50503 SET character_set_client = utf8mb4 */;
CREATE TABLE `feed` (
  `feed_id` int NOT NULL,
  `created_at` datetime(6) DEFAULT NULL,
  `flag` bit(1) NOT NULL DEFAULT b'0',
  `modified_at` datetime(6) DEFAULT NULL,
  `club_id` int NOT NULL,
  `comment_cnt` int NOT NULL,
  `content` varchar(255) DEFAULT NULL,
  `favorite_cnt` int NOT NULL,
  `img_name` varchar(255) DEFAULT NULL,
  `visibility` int NOT NULL,
  `user_user_id` int DEFAULT NULL,
  PRIMARY KEY (`feed_id`),
  KEY `FKei9kllbukaaq9m7aeo7tag7m2` (`user_user_id`),
  CONSTRAINT `FKei9kllbukaaq9m7aeo7tag7m2` FOREIGN KEY (`user_user_id`) REFERENCES `user` (`user_id`)
) ENGINE=InnoDB DEFAULT CHARSET=utf8mb4 COLLATE=utf8mb4_0900_ai_ci;
/*!40101 SET character_set_client = @saved_cs_client */;

--
-- Dumping data for table `feed`
--

LOCK TABLES `feed` WRITE;
/*!40000 ALTER TABLE `feed` DISABLE KEYS */;
INSERT INTO `feed` VALUES (1,'2024-02-16 03:27:17.472933',_binary '\0','2024-02-16 10:58:57.730579',0,3,'오늘의 루틴 : 윗몸일으키기',4,'https://musclebucket.s3.ap-northeast-2.amazonaws.com/feed-images/%E1%84%8B%E1%85%B1%E1%86%BA%E1%84%86%E1%85%A9%E1%86%B7%E1%84%8B%E1%85%B5%E1%86%AF%E1%84%8B%E1%85%B3%E1%84%8F%E1%85%B5%E1%84%80%E1%85%B5.png',1,3),(2,'2024-02-16 08:57:32.488595',_binary '\0','2024-02-16 10:23:40.724319',0,0,'인바디 인증',1,'https://musclebucket.s3.ap-northeast-2.amazonaws.com/feed-images/KakaoTalk_20240215_020012478.png',1,6),(3,'2024-02-16 09:02:14.343472',_binary '\0','2024-02-16 10:22:32.798493',0,1,'오늘은 팔!!',2,'https://musclebucket.s3.ap-northeast-2.amazonaws.com/feed-images/arms.jpeg',1,4),(4,'2024-02-16 09:02:29.636403',_binary '\0','2024-02-16 10:58:48.785798',0,0,'1일1샐러드완료~~^^',2,'https://musclebucket.s3.ap-northeast-2.amazonaws.com/feed-images/%EC%83%90%EB%9F%AC%EB%93%9C6.jpg',1,7),(5,'2024-02-16 09:03:32.617360',_binary '\0','2024-02-16 10:58:47.431789',0,1,'한강조깅완료 O.O bb',2,'https://musclebucket.s3.ap-northeast-2.amazonaws.com/feed-images/%EC%9A%B4%EB%8F%991.jpg',1,7),(6,'2024-02-16 09:04:25.250457',_binary '\0','2024-02-16 10:58:44.337419',0,0,'오늘도 운동하러갑니다!!',2,'https://musclebucket.s3.ap-northeast-2.amazonaws.com/feed-images/%EC%9A%B4%EB%8F%99.PNG',1,9),(7,'2024-02-16 09:04:28.572391',_binary '\0','2024-02-16 10:58:41.306528',0,4,'데드 1rm ',5,'https://musclebucket.s3.ap-northeast-2.amazonaws.com/feed-images/1rm.PNG',1,10),(8,'2024-02-16 09:04:57.416540',_binary '\0','2024-02-16 10:58:28.577301',0,0,'다이어트 식단 인증 ??',5,'https://musclebucket.s3.ap-northeast-2.amazonaws.com/feed-images/0632283A-65D6-4A1F-A72F-DCE75E654D1D.jpg',1,5),(9,'2024-02-16 09:06:02.861668',_binary '\0','2024-02-16 10:58:26.998958',0,2,'오늘은 닭가슴살 큐브까지 추가해서 먹엇어요 이러면 저녁까지 든든',4,'https://musclebucket.s3.ap-northeast-2.amazonaws.com/feed-images/5919A995-503F-4711-9D9C-58A8069802B0.jpg',1,5),(10,'2024-02-16 09:06:34.483613',_binary '\0','2024-02-16 10:58:22.590312',0,2,'트래킹의제왕 누가 날 따라와',3,'https://musclebucket.s3.ap-northeast-2.amazonaws.com/feed-images/%EC%9A%B4%EB%8F%994.jpg',1,11),(11,'2024-02-16 09:12:30.410050',_binary '\0','2024-02-16 11:00:36.188303',2,1,'저는 테니스로 운동 인증할게요 다같이 화이팅 !',2,'https://musclebucket.s3.ap-northeast-2.amazonaws.com/feed-images/%EC%BA%A1%EC%B2%98%20%281%29.PNG',3,5),(12,'2024-02-16 09:15:43.284077',_binary '\0','2024-02-16 10:58:14.915445',0,2,'다이어트 식단~',4,'https://musclebucket.s3.ap-northeast-2.amazonaws.com/feed-images/61d7de7c1e57d2738276.jpg',1,12),(13,'2024-02-16 09:24:11.286781',_binary '\0','2024-02-16 10:22:57.741766',0,2,'오리목뼈 먹자',3,'https://musclebucket.s3.ap-northeast-2.amazonaws.com/feed-images/%EB%A7%88%EB%A3%A8%EC%89%90.jpeg',1,13),(14,'2024-02-16 09:30:01.741388',_binary '\0','2024-02-16 10:58:12.061047',0,1,'달리기는 언제나 즐거워',4,'https://musclebucket.s3.ap-northeast-2.amazonaws.com/feed-images/%EC%9A%B4%EB%8F%991.jpg',1,10),(15,'2024-02-16 09:32:45.512315',_binary '\0','2024-02-16 11:00:51.009362',2,2,'헬스장 다녀왔습니다.',2,'https://musclebucket.s3.ap-northeast-2.amazonaws.com/feed-images/%EC%9A%B4%EB%8F%99.PNG',3,9),(16,'2024-02-16 09:38:03.646723',_binary '\0','2024-02-16 10:17:41.090430',3,1,'오늘의 점심 인증해요!!!',1,'https://musclebucket.s3.ap-northeast-2.amazonaws.com/feed-images/BF04957B-4137-435B-977D-678A1DA04C9D.jpg',4,5),(17,'2024-02-16 09:38:54.993508',_binary '\0','2024-02-16 11:08:26.628781',0,3,'진짜 30분만 뛰어도 힘들어',5,'https://musclebucket.s3.ap-northeast-2.amazonaws.com/feed-images/%EC%BA%A1%EC%B2%98%20%281%29.PNG',1,5),(52,'2024-02-16 09:45:28.364124',_binary '\0','2024-02-16 10:18:07.591210',3,1,'점심은 연어 베이글 하나!',1,'https://musclebucket.s3.ap-northeast-2.amazonaws.com/feed-images/80AD8920-2FA8-4A83-B153-18F308468628%20%281%29.jpg',4,5),(53,'2024-02-16 09:46:40.913203',_binary '\0','2024-02-16 10:58:09.261438',0,2,'저번에 큐브 관련 질문 많아서 올려요 !',7,'https://musclebucket.s3.ap-northeast-2.amazonaws.com/feed-images/BF04957B-4137-435B-977D-678A1DA04C9D.jpg',1,5),(54,'2024-02-16 09:49:25.670777',_binary '\0','2024-02-16 09:49:25.683092',3,0,'오늘 식단..!!\n배고프지만 참는다.',0,'https://musclebucket.s3.ap-northeast-2.amazonaws.com/feed-images/iukhbfgjh.jfif',4,12),(55,'2024-02-16 09:49:52.363066',_binary '\0','2024-02-16 10:58:07.852663',0,3,'우리 집 옆에 테니스장 생겼다 ?',7,'https://musclebucket.s3.ap-northeast-2.amazonaws.com/feed-images/43887_53931_503.jpg',1,5),(56,'2024-02-16 09:50:58.437413',_binary '\0','2024-02-16 09:50:58.443166',3,0,'김밥!! 점심은 김밥입니다.!\n제가 만든 키토김밥...!!',0,'https://musclebucket.s3.ap-northeast-2.amazonaws.com/feed-images/jfhjf.jfif',4,12),(57,'2024-02-16 09:52:23.062906',_binary '\0','2024-02-16 11:01:14.364801',2,2,'테니스의 단점은 돈 ㅠㅠ 오늘의 오운완 인증',2,'https://musclebucket.s3.ap-northeast-2.amazonaws.com/feed-images/%EB%8B%A4%EC%9A%B4%EB%A1%9C%EB%93%9C.jpg',3,5),(58,'2024-02-16 09:53:03.958012',_binary '\0','2024-02-16 09:53:03.967642',3,0,'이게 편의점 도시락??\n',0,'https://musclebucket.s3.ap-northeast-2.amazonaws.com/feed-images/ffffffff.jfif',4,12),(59,'2024-02-16 09:53:25.824296',_binary '\0','2024-02-16 10:58:06.036389',0,5,'테니스는 사실 공줍는 게 젤 힘들어요 ㅎㅎ.. 진정한 유산소',7,'https://musclebucket.s3.ap-northeast-2.amazonaws.com/feed-images/%EB%8B%A4%EC%9A%B4%EB%A1%9C%EB%93%9C.jpg',1,5),(60,'2024-02-16 09:53:53.893405',_binary '\0','2024-02-16 09:53:53.905642',3,0,'굶어 죽는중....!! 하지만 오늘도 성공',0,'https://musclebucket.s3.ap-northeast-2.amazonaws.com/feed-images/fsgfs.jfif',4,12),(61,'2024-02-16 09:55:05.025405',_binary '\0','2024-02-16 11:01:17.512009',2,0,'남자는 허벅지',2,'https://musclebucket.s3.ap-northeast-2.amazonaws.com/feed-images/%EC%9A%B4%EB%8F%992.jpg',3,10),(62,'2024-02-16 09:56:08.421667',_binary '\0','2024-02-16 09:56:08.437351',3,0,'맛있는 야채',0,'https://musclebucket.s3.ap-northeast-2.amazonaws.com/feed-images/jhfgjhgfjfg.jfif',4,12),(63,'2024-02-16 09:59:19.338032',_binary '\0','2024-02-16 09:59:19.350152',3,0,'토요일이라...오늘은 쉬어갑니다.\n알콜은 노! 소스도 노! \n채소랑만 먹으려구요',0,'https://musclebucket.s3.ap-northeast-2.amazonaws.com/feed-images/gsfdgdsgdsf.jfif',4,12),(64,'2024-02-16 10:02:50.150575',_binary '\0','2024-02-16 11:04:39.452256',0,6,'테니스화 살말??',6,'https://musclebucket.s3.ap-northeast-2.amazonaws.com/feed-images/7c0dc88e7ee05.jpg',1,5),(65,'2024-02-16 10:04:17.019706',_binary '\0','2024-02-16 10:57:12.596092',0,2,'달리기는 항상 즐거워',6,'https://musclebucket.s3.ap-northeast-2.amazonaws.com/feed-images/%EC%9A%B4%EB%8F%992.jpg',1,10),(66,'2024-02-16 10:04:59.130896',_binary '\0','2024-02-16 10:57:27.629534',0,4,'2kg 무시하지 마라 사레레 힘들다.',7,'https://musclebucket.s3.ap-northeast-2.amazonaws.com/feed-images/%EC%9A%B4%EB%8F%9911.jpg',1,10),(67,'2024-02-16 10:06:17.849319',_binary '\0','2024-02-16 11:01:26.942347',2,1,'초록색 깔맞춤 어떄?',1,'https://musclebucket.s3.ap-northeast-2.amazonaws.com/feed-images/%EB%8B%A4%EC%9A%B4%EB%A1%9C%EB%93%9C.png',3,5),(68,'2024-02-16 10:07:06.096822',_binary '\0','2024-02-16 11:10:14.472527',0,5,'보이지 내 수행능',9,'https://musclebucket.s3.ap-northeast-2.amazonaws.com/feed-images/%EC%9A%B4%EB%8F%9912.jpg',1,10),(69,'2024-02-16 10:09:20.860425',_binary '\0','2024-02-16 10:09:20.872570',3,0,'오늘은 작정하고 식단 해봐요 ',0,'https://musclebucket.s3.ap-northeast-2.amazonaws.com/feed-images/165396231498014222.avif',4,5),(70,'2024-02-16 10:10:36.508975',_binary '\0','2024-02-16 10:10:36.513672',3,0,'닭가슴살 소세지',0,'https://musclebucket.s3.ap-northeast-2.amazonaws.com/feed-images/trewtwert.jfif',4,12),(71,'2024-02-16 10:13:00.407680',_binary '\0','2024-02-16 10:13:00.420534',3,0,'오늘은 한식 밥은 그래도 반만 먹음 ㅠ',0,'https://musclebucket.s3.ap-northeast-2.amazonaws.com/feed-images/af4fee57f4ea3bfe6d35e41bd4c08ee1.png',4,5),(72,'2024-02-16 10:27:08.412017',_binary '\0','2024-02-16 10:27:08.422835',3,0,'클럽 가입 첫날 목표 지키기 위해 점심시간에 파리 바게트 왓어요!',0,'https://musclebucket.s3.ap-northeast-2.amazonaws.com/feed-images/wm_4957098_1603461088_1.jpg',4,10),(73,'2024-02-16 10:28:55.037339',_binary '\0','2024-02-16 10:28:55.052048',3,0,'오늘은 쿠팡으로 다이어트 도시락 시킨 거 먹음 !',0,'https://musclebucket.s3.ap-northeast-2.amazonaws.com/feed-images/720X720.jpg',4,10),(74,'2024-02-16 10:29:46.542704',_binary '\0','2024-02-16 10:29:46.557560',3,0,'오늘도 어제 시킨 쿠팡 다이어트 도시락 먹음 ! 맛은 그닥 ㅠㅠ',0,'https://musclebucket.s3.ap-northeast-2.amazonaws.com/feed-images/720X720%20%281%29.jpg',4,10),(75,'2024-02-16 10:31:48.363323',_binary '\0','2024-02-16 11:20:29.101393',0,2,'모두 아보카도 즐겨 드시나요?',5,'https://musclebucket.s3.ap-northeast-2.amazonaws.com/feed-images/imagesfdasf.jfif',1,12),(76,'2024-02-16 10:34:23.754693',_binary '\0','2024-02-16 10:34:23.758211',3,0,'오늘은 밥이 적은 김밥입니다.',0,'https://musclebucket.s3.ap-northeast-2.amazonaws.com/feed-images/dsadas.jfif',4,12),(77,'2024-02-16 10:35:07.480684',_binary '\0','2024-02-16 10:35:07.501149',3,0,'다들 굶는 게 답이 아니신 건 아시죠?',0,'https://musclebucket.s3.ap-northeast-2.amazonaws.com/feed-images/unnamed.jpg',4,10),(78,'2024-02-16 10:36:47.160588',_binary '\0','2024-02-16 10:36:47.174722',3,0,'컵누들죠\n다이어트에는 누들이지',0,'https://musclebucket.s3.ap-northeast-2.amazonaws.com/feed-images/imageshgdfhdf.jfif',4,12),(79,'2024-02-16 10:36:49.732860',_binary '\0','2024-02-16 10:40:04.022419',3,0,'사실은 다이어트 음식인 파스타!',1,'https://musclebucket.s3.ap-northeast-2.amazonaws.com/feed-images/img.jpg',4,10),(80,'2024-02-16 10:39:14.200791',_binary '\0','2024-02-16 10:39:14.207668',3,0,'오늘은 제대로 하려고 도시락 쌌어요 ㅎ',0,'https://musclebucket.s3.ap-northeast-2.amazonaws.com/feed-images/3bf4d3c4-d50a-4a97-b306-6a60d6b82151.jpg',4,10),(81,'2024-02-16 10:39:51.455295',_binary '\0','2024-02-16 10:39:51.458971',3,0,'보쌈은 괜찮아',0,'https://musclebucket.s3.ap-northeast-2.amazonaws.com/feed-images/imageshf.jfif',4,12),(82,'2024-02-16 11:20:09.118529',_binary '\0','2024-02-16 13:15:41.228371',0,1,'테니스 자세 배워 가세요',3,'https://musclebucket.s3.ap-northeast-2.amazonaws.com/feed-images/798_728_2446.jpg',1,8),(83,'2024-02-16 12:14:33.847373',_binary '\0','2024-02-16 13:14:12.813547',0,4,'오늘은 스쿼트 PR!! 500키로 들었어요!!',1,'https://musclebucket.s3.ap-northeast-2.amazonaws.com/feed-images/KakaoTalk_20240216_121359637.jpg',1,13),(84,'2024-02-16 13:28:39.212234',_binary '\0','2024-02-16 13:31:46.304245',0,1,'헬스장 갑니다',2,'https://musclebucket.s3.ap-northeast-2.amazonaws.com/feed-images/%EC%9A%B4%EB%8F%99.PNG',1,14),(85,'2024-02-16 13:42:19.536456',_binary '\0','2024-02-16 13:42:19.539459',5,0,'오운완',0,'https://musclebucket.s3.ap-northeast-2.amazonaws.com/feed-images/%EC%9A%B4%EB%8F%99.PNG',3,3);
/*!40000 ALTER TABLE `feed` ENABLE KEYS */;
UNLOCK TABLES;

--
-- Table structure for table `feed_seq`
--

DROP TABLE IF EXISTS `feed_seq`;
/*!40101 SET @saved_cs_client     = @@character_set_client */;
/*!50503 SET character_set_client = utf8mb4 */;
CREATE TABLE `feed_seq` (
  `next_val` bigint DEFAULT NULL
) ENGINE=InnoDB DEFAULT CHARSET=utf8mb4 COLLATE=utf8mb4_0900_ai_ci;
/*!40101 SET character_set_client = @saved_cs_client */;

--
-- Dumping data for table `feed_seq`
--

LOCK TABLES `feed_seq` WRITE;
/*!40000 ALTER TABLE `feed_seq` DISABLE KEYS */;
INSERT INTO `feed_seq` VALUES (151);
/*!40000 ALTER TABLE `feed_seq` ENABLE KEYS */;
UNLOCK TABLES;

--
-- Table structure for table `feed_tag`
--

DROP TABLE IF EXISTS `feed_tag`;
/*!40101 SET @saved_cs_client     = @@character_set_client */;
/*!50503 SET character_set_client = utf8mb4 */;
CREATE TABLE `feed_tag` (
  `feed_tag_id` int NOT NULL,
  `feed_id` int DEFAULT NULL,
  `tag_id` int DEFAULT NULL,
  PRIMARY KEY (`feed_tag_id`),
  KEY `FK62bjxf2ug56taebkuhhyqch85` (`feed_id`),
  KEY `FKsvdflgl0mnqvpirg0yc8dmcn6` (`tag_id`),
  CONSTRAINT `FK62bjxf2ug56taebkuhhyqch85` FOREIGN KEY (`feed_id`) REFERENCES `feed` (`feed_id`),
  CONSTRAINT `FKsvdflgl0mnqvpirg0yc8dmcn6` FOREIGN KEY (`tag_id`) REFERENCES `tag` (`tag_id`)
) ENGINE=InnoDB DEFAULT CHARSET=utf8mb4 COLLATE=utf8mb4_0900_ai_ci;
/*!40101 SET character_set_client = @saved_cs_client */;

--
-- Dumping data for table `feed_tag`
--

LOCK TABLES `feed_tag` WRITE;
/*!40000 ALTER TABLE `feed_tag` DISABLE KEYS */;
INSERT INTO `feed_tag` VALUES (1,1,1),(2,2,2),(3,3,3),(4,3,2),(5,4,4),(6,4,5),(7,4,6),(8,4,7),(9,5,2),(10,5,8),(11,5,7),(12,5,4),(13,7,9),(14,7,10),(15,7,2),(16,7,4),(17,8,11),(18,8,12),(19,8,13),(20,8,14),(21,9,11),(22,9,12),(23,9,15),(24,9,16),(25,9,17),(26,9,18),(27,10,2),(28,10,19),(29,11,20),(30,11,21),(31,11,22),(32,12,3),(33,12,13),(34,13,23),(35,14,2),(36,14,8),(37,14,7),(38,15,2),(39,16,11),(40,16,12),(41,16,13),(42,16,14),(43,17,24),(44,17,15),(45,17,25),(46,17,20),(47,17,26),(52,52,52),(53,52,53),(54,52,13),(55,52,54),(56,53,55),(57,53,56),(58,53,57),(59,54,3),(60,54,58),(61,55,59),(62,55,60),(63,55,61),(64,55,62),(65,55,63),(66,56,64),(67,57,1),(68,57,20),(69,57,59),(70,57,60),(71,57,65),(72,58,66),(73,58,12),(74,59,67),(75,59,20),(76,59,57),(77,59,68),(78,59,69),(79,60,70),(80,60,71),(81,60,72),(82,61,2),(83,61,8),(84,61,7),(85,62,73),(86,62,74),(87,63,75),(88,63,76),(89,64,77),(90,64,20),(91,64,2),(92,64,13),(93,65,2),(94,65,8),(95,65,7),(96,66,2),(97,66,8),(98,66,7),(99,66,78),(100,67,1),(101,67,20),(102,67,54),(103,67,79),(104,67,80),(105,68,2),(106,68,8),(107,68,7),(108,68,81),(109,69,82),(110,69,83),(111,69,84),(112,69,85),(113,70,3),(114,70,86),(115,71,87),(116,71,25),(117,71,88),(118,71,53),(119,71,54),(120,71,4),(121,72,13),(122,72,53),(123,72,89),(124,72,5),(125,72,54),(126,72,90),(127,73,91),(128,73,53),(129,73,54),(130,73,13),(131,73,92),(132,73,93),(133,73,94),(134,74,95),(135,74,12),(136,74,57),(137,74,96),(138,74,13),(139,74,53),(140,74,89),(141,74,87),(142,74,97),(143,75,98),(144,75,99),(145,76,64),(146,77,52),(147,77,53),(148,77,100),(149,77,101),(150,77,94),(151,77,92),(152,77,93),(153,78,102),(154,79,103),(155,79,52),(156,79,53),(157,79,104),(158,79,105),(159,79,106),(160,80,100),(161,80,101),(162,80,92),(163,80,94),(164,80,54),(165,80,93),(166,81,107),(167,82,20),(168,82,2),(169,83,108),(170,84,2),(171,85,2);
/*!40000 ALTER TABLE `feed_tag` ENABLE KEYS */;
UNLOCK TABLES;

--
-- Table structure for table `feed_tag_seq`
--

DROP TABLE IF EXISTS `feed_tag_seq`;
/*!40101 SET @saved_cs_client     = @@character_set_client */;
/*!50503 SET character_set_client = utf8mb4 */;
CREATE TABLE `feed_tag_seq` (
  `next_val` bigint DEFAULT NULL
) ENGINE=InnoDB DEFAULT CHARSET=utf8mb4 COLLATE=utf8mb4_0900_ai_ci;
/*!40101 SET character_set_client = @saved_cs_client */;

--
-- Dumping data for table `feed_tag_seq`
--

LOCK TABLES `feed_tag_seq` WRITE;
/*!40000 ALTER TABLE `feed_tag_seq` DISABLE KEYS */;
INSERT INTO `feed_tag_seq` VALUES (251);
/*!40000 ALTER TABLE `feed_tag_seq` ENABLE KEYS */;
UNLOCK TABLES;

--
-- Table structure for table `follow`
--

DROP TABLE IF EXISTS `follow`;
/*!40101 SET @saved_cs_client     = @@character_set_client */;
/*!50503 SET character_set_client = utf8mb4 */;
CREATE TABLE `follow` (
  `follow_id` int NOT NULL AUTO_INCREMENT,
  `created_at` datetime(6) DEFAULT NULL,
  `flag` bit(1) NOT NULL DEFAULT b'0',
  `modified_at` datetime(6) DEFAULT NULL,
  `follower` int DEFAULT NULL,
  `following` int DEFAULT NULL,
  PRIMARY KEY (`follow_id`),
  KEY `FKbnr9k6kvlqg63h5snxpbe586q` (`follower`),
  KEY `FKkfklyf3sdwn4x1219koeaw5ma` (`following`),
  CONSTRAINT `FKbnr9k6kvlqg63h5snxpbe586q` FOREIGN KEY (`follower`) REFERENCES `user` (`user_id`),
  CONSTRAINT `FKkfklyf3sdwn4x1219koeaw5ma` FOREIGN KEY (`following`) REFERENCES `user` (`user_id`)
) ENGINE=InnoDB AUTO_INCREMENT=36 DEFAULT CHARSET=utf8mb4 COLLATE=utf8mb4_0900_ai_ci;
/*!40101 SET character_set_client = @saved_cs_client */;

--
-- Dumping data for table `follow`
--

LOCK TABLES `follow` WRITE;
/*!40000 ALTER TABLE `follow` DISABLE KEYS */;
INSERT INTO `follow` VALUES (1,'2024-02-16 03:00:49.811839',_binary '\0','2024-02-16 03:00:49.811839',1,1),(2,'2024-02-16 03:24:15.902546',_binary '\0','2024-02-16 03:24:15.902546',3,2),(3,'2024-02-16 03:26:53.699585',_binary '','2024-02-16 03:42:10.661182',1,2),(4,'2024-02-16 09:05:44.692582',_binary '\0','2024-02-16 09:05:44.692582',9,2),(5,'2024-02-16 09:05:45.489923',_binary '\0','2024-02-16 09:05:45.489923',9,1),(6,'2024-02-16 09:05:52.976180',_binary '\0','2024-02-16 09:05:52.976180',9,4),(7,'2024-02-16 09:06:07.443193',_binary '\0','2024-02-16 09:06:07.443193',9,5),(8,'2024-02-16 09:06:45.178889',_binary '\0','2024-02-16 09:06:45.178889',9,10),(9,'2024-02-16 09:14:47.772478',_binary '\0','2024-02-16 09:14:47.772478',11,10),(10,'2024-02-16 09:16:17.500043',_binary '\0','2024-02-16 09:16:17.500043',5,8),(11,'2024-02-16 09:16:22.949394',_binary '\0','2024-02-16 09:16:22.949394',5,1),(12,'2024-02-16 09:16:24.570054',_binary '\0','2024-02-16 09:16:24.570054',5,2),(13,'2024-02-16 09:16:26.595055',_binary '\0','2024-02-16 09:16:26.595055',5,10),(14,'2024-02-16 09:16:30.765630',_binary '\0','2024-02-16 09:16:30.765630',5,4),(15,'2024-02-16 09:16:53.458495',_binary '\0','2024-02-16 09:16:53.458495',10,5),(16,'2024-02-16 09:22:04.900658',_binary '\0','2024-02-16 09:22:04.900658',10,11),(17,'2024-02-16 09:22:07.593782',_binary '\0','2024-02-16 09:22:07.593782',10,9),(18,'2024-02-16 09:27:41.580344',_binary '\0','2024-02-16 09:27:41.580344',12,10),(19,'2024-02-16 09:27:42.496277',_binary '\0','2024-02-16 09:27:42.496277',12,1),(20,'2024-02-16 09:27:45.922883',_binary '\0','2024-02-16 09:27:45.922883',12,2),(21,'2024-02-16 09:27:47.632138',_binary '\0','2024-02-16 09:27:47.632138',12,4),(22,'2024-02-16 09:27:50.093260',_binary '\0','2024-02-16 09:27:50.093260',12,5),(23,'2024-02-16 09:27:50.992541',_binary '\0','2024-02-16 09:27:50.992541',12,8),(24,'2024-02-16 09:27:53.632606',_binary '\0','2024-02-16 09:27:53.632606',12,9),(25,'2024-02-16 09:27:54.570625',_binary '\0','2024-02-16 09:27:54.570625',12,11),(26,'2024-02-16 09:27:55.429136',_binary '\0','2024-02-16 09:27:55.429136',12,3),(27,'2024-02-16 09:27:57.950477',_binary '\0','2024-02-16 09:27:57.950477',12,6),(28,'2024-02-16 09:27:58.868971',_binary '\0','2024-02-16 09:27:58.868971',12,7),(29,'2024-02-16 09:27:59.646201',_binary '\0','2024-02-16 09:27:59.646201',12,13),(30,'2024-02-16 10:19:34.097850',_binary '\0','2024-02-16 10:19:34.097850',4,10),(31,'2024-02-16 10:57:42.012213',_binary '\0','2024-02-16 10:57:42.012213',8,5),(32,'2024-02-16 10:57:46.913092',_binary '\0','2024-02-16 10:57:46.913092',8,1),(33,'2024-02-16 10:57:48.737204',_binary '\0','2024-02-16 10:57:48.737204',8,10),(34,'2024-02-16 12:16:13.863230',_binary '\0','2024-02-16 12:16:13.863230',13,12),(35,'2024-02-16 13:50:00.504441',_binary '\0','2024-02-16 13:50:00.504441',2,3);
/*!40000 ALTER TABLE `follow` ENABLE KEYS */;
UNLOCK TABLES;

--
-- Table structure for table `in_body`
--

DROP TABLE IF EXISTS `in_body`;
/*!40101 SET @saved_cs_client     = @@character_set_client */;
/*!50503 SET character_set_client = utf8mb4 */;
CREATE TABLE `in_body` (
  `in_body_id` int NOT NULL AUTO_INCREMENT,
  `created_at` datetime(6) DEFAULT NULL,
  `flag` bit(1) NOT NULL DEFAULT b'0',
  `modified_at` datetime(6) DEFAULT NULL,
  `fat_mass` double DEFAULT NULL,
  `muscle_mass` double DEFAULT NULL,
  `weight` double DEFAULT NULL,
  `user_id` int DEFAULT NULL,
  PRIMARY KEY (`in_body_id`),
  KEY `FK5veptvqr4crktj2cx10fhygfo` (`user_id`),
  CONSTRAINT `FK5veptvqr4crktj2cx10fhygfo` FOREIGN KEY (`user_id`) REFERENCES `user` (`user_id`)
) ENGINE=InnoDB AUTO_INCREMENT=59 DEFAULT CHARSET=utf8mb4 COLLATE=utf8mb4_0900_ai_ci;
/*!40101 SET character_set_client = @saved_cs_client */;

--
-- Dumping data for table `in_body`
--

LOCK TABLES `in_body` WRITE;
/*!40000 ALTER TABLE `in_body` DISABLE KEYS */;
INSERT INTO `in_body` VALUES (1,'2024-02-16 09:12:22.518583',_binary '\0','2024-02-16 09:12:22.518583',35.3,16.7,75.5,10),(2,'2024-02-16 09:12:24.135487',_binary '\0','2024-02-16 09:12:24.135487',35.3,16.7,75.5,10),(3,'2024-02-16 09:12:37.577203',_binary '\0','2024-02-16 09:12:37.577203',35.3,16.7,75,10),(4,'2024-02-16 09:12:38.219514',_binary '\0','2024-02-16 09:12:38.219514',35.3,16.7,75,10),(5,'2024-02-16 09:12:41.114282',_binary '\0','2024-02-16 09:12:41.114282',35.3,16.6,75,10),(6,'2024-02-16 09:12:48.801532',_binary '\0','2024-02-16 09:12:48.801532',35.3,17.2,75,10),(7,'2024-02-16 09:12:49.379642',_binary '\0','2024-02-16 09:12:49.379642',35.3,17.2,75,10),(8,'2024-02-16 09:12:52.262494',_binary '\0','2024-02-16 09:12:52.262494',33.3,17.2,75,10),(9,'2024-02-16 09:12:52.872787',_binary '\0','2024-02-16 09:12:52.872787',33.3,17.2,75,10),(10,'2024-02-16 09:13:07.336520',_binary '\0','2024-02-16 09:13:07.336520',32.3,17.2,75,10),(11,'2024-02-16 09:13:08.132682',_binary '\0','2024-02-16 09:13:08.132682',32.3,17.2,75,10),(12,'2024-02-16 09:13:10.779133',_binary '\0','2024-02-16 09:13:10.779133',32.3,17.2,74,10),(13,'2024-02-16 09:13:12.193412',_binary '\0','2024-02-16 09:13:12.193412',32.3,17.2,74,10),(14,'2024-02-16 09:13:23.295888',_binary '\0','2024-02-16 09:13:23.295888',32.3,19.2,74,10),(15,'2024-02-16 09:13:23.985665',_binary '\0','2024-02-16 09:13:23.985665',32.3,19.2,74,10),(16,'2024-02-16 09:13:39.935772',_binary '\0','2024-02-16 09:13:39.935772',32.3,19.2,72,10),(17,'2024-02-16 09:13:58.018803',_binary '\0','2024-02-16 09:13:58.018803',30.3,20.2,72,10),(18,'2024-02-16 09:13:58.774423',_binary '\0','2024-02-16 09:13:58.774423',30.3,20.2,72,10),(19,'2024-02-16 09:14:13.967758',_binary '\0','2024-02-16 09:14:13.967758',29.3,22.2,72,10),(20,'2024-02-16 09:14:17.953570',_binary '\0','2024-02-16 09:14:17.953570',29.3,22.2,71,10),(21,'2024-02-16 09:14:18.523304',_binary '\0','2024-02-16 09:14:18.523304',29.3,22.2,71,10),(22,'2024-02-16 09:14:22.013567',_binary '\0','2024-02-16 09:14:22.013567',29.3,22.2,70,10),(23,'2024-02-16 09:15:07.389194',_binary '\0','2024-02-16 09:15:07.389194',28.3,22.2,71,10),(24,'2024-02-16 09:15:07.926391',_binary '\0','2024-02-16 09:15:07.926391',28.3,22.2,71,10),(25,'2024-02-16 09:15:11.084594',_binary '\0','2024-02-16 09:15:11.084594',28.3,22.2,70,10),(26,'2024-02-16 09:15:11.674098',_binary '\0','2024-02-16 09:15:11.674098',28.3,22.2,70,10),(27,'2024-02-16 09:15:14.354352',_binary '\0','2024-02-16 09:15:14.354352',28.3,23.2,70,10),(28,'2024-02-16 09:15:14.886945',_binary '\0','2024-02-16 09:15:14.886945',28.3,23.2,70,10),(29,'2024-02-16 09:15:20.790244',_binary '\0','2024-02-16 09:15:20.790244',27.3,23.9,70,10),(30,'2024-02-16 09:16:04.454717',_binary '\0','2024-02-16 09:16:04.454717',27.3,25,69,10),(31,'2024-02-16 09:16:05.046809',_binary '\0','2024-02-16 09:16:05.046809',27.3,25,69,10),(32,'2024-02-16 09:16:13.804499',_binary '\0','2024-02-16 09:16:13.804499',25.3,27,67,10),(33,'2024-02-16 09:16:14.512797',_binary '\0','2024-02-16 09:16:14.512797',25.3,27,67,10),(34,'2024-02-16 09:51:05.723473',_binary '\0','2024-02-16 09:51:05.723473',0,0,80,14),(35,'2024-02-16 09:51:08.890590',_binary '\0','2024-02-16 09:51:08.890590',0,35,80,14),(36,'2024-02-16 09:51:11.510271',_binary '\0','2024-02-16 09:51:11.510271',15,35,80,14),(37,'2024-02-16 10:11:58.462087',_binary '\0','2024-02-16 10:11:58.462087',0,0,90,12),(38,'2024-02-16 10:12:02.071013',_binary '\0','2024-02-16 10:12:02.071013',0,20,90,12),(39,'2024-02-16 10:12:05.522517',_binary '\0','2024-02-16 10:12:05.522517',20,20,90,12),(40,'2024-02-16 10:12:42.474040',_binary '\0','2024-02-16 10:12:42.474040',20,20,92,12),(41,'2024-02-16 10:12:43.794696',_binary '\0','2024-02-16 10:12:43.794696',20,23,92,12),(42,'2024-02-16 10:12:44.929677',_binary '\0','2024-02-16 10:12:44.929677',23,23,92,12),(43,'2024-02-16 10:13:50.996849',_binary '\0','2024-02-16 10:13:50.996849',23,23,0,12),(44,'2024-02-16 10:42:07.257622',_binary '\0','2024-02-16 10:42:07.257622',0,0,63,9),(45,'2024-02-16 10:42:09.460067',_binary '\0','2024-02-16 10:42:09.460067',0,0,100,2),(46,'2024-02-16 10:42:10.262935',_binary '\0','2024-02-16 10:42:10.262935',0,28,63,9),(47,'2024-02-16 10:42:12.042232',_binary '\0','2024-02-16 10:42:12.042232',0,25,100,2),(48,'2024-02-16 10:42:13.653895',_binary '\0','2024-02-16 10:42:13.653895',16,28,63,9),(49,'2024-02-16 10:42:14.138197',_binary '\0','2024-02-16 10:42:14.138197',30,25,100,2),(50,'2024-02-16 10:42:19.197487',_binary '\0','2024-02-16 10:42:19.197487',0,0,50,5),(51,'2024-02-16 10:42:27.982530',_binary '\0','2024-02-16 10:42:27.982530',0,10,50,5),(52,'2024-02-16 10:42:37.542904',_binary '\0','2024-02-16 10:42:37.542904',10,10,50,5),(53,'2024-02-16 13:45:46.415483',_binary '\0','2024-02-16 13:45:46.415483',0,0,100,3),(54,'2024-02-16 13:46:29.574477',_binary '\0','2024-02-16 13:46:29.574477',30,0,100,3),(55,'2024-02-16 13:46:32.055710',_binary '\0','2024-02-16 13:46:32.055710',30,20,100,3),(56,'2024-02-16 13:46:34.423679',_binary '\0','2024-02-16 13:46:34.423679',30,20,0,3),(57,'2024-02-16 13:47:27.069478',_binary '\0','2024-02-16 13:47:27.069478',30,20,90,3),(58,'2024-02-16 13:48:15.474853',_binary '\0','2024-02-16 13:48:15.474853',30,24,90,3);
/*!40000 ALTER TABLE `in_body` ENABLE KEYS */;
UNLOCK TABLES;

--
-- Table structure for table `individual_goal`
--

DROP TABLE IF EXISTS `individual_goal`;
/*!40101 SET @saved_cs_client     = @@character_set_client */;
/*!50503 SET character_set_client = utf8mb4 */;
CREATE TABLE `individual_goal` (
  `individual_goal_id` int NOT NULL AUTO_INCREMENT,
  `created_at` datetime(6) DEFAULT NULL,
  `flag` bit(1) NOT NULL DEFAULT b'0',
  `modified_at` datetime(6) DEFAULT NULL,
  `diet` bit(1) NOT NULL,
  `fat` double DEFAULT NULL,
  `kg` double DEFAULT NULL,
  `muscle` double DEFAULT NULL,
  `user_id` int DEFAULT NULL,
  PRIMARY KEY (`individual_goal_id`),
  KEY `FK7pqvfjlf2xfm8f2ks18txb076` (`user_id`),
  CONSTRAINT `FK7pqvfjlf2xfm8f2ks18txb076` FOREIGN KEY (`user_id`) REFERENCES `user` (`user_id`)
) ENGINE=InnoDB AUTO_INCREMENT=66 DEFAULT CHARSET=utf8mb4 COLLATE=utf8mb4_0900_ai_ci;
/*!40101 SET character_set_client = @saved_cs_client */;

--
-- Dumping data for table `individual_goal`
--

LOCK TABLES `individual_goal` WRITE;
/*!40000 ALTER TABLE `individual_goal` DISABLE KEYS */;
INSERT INTO `individual_goal` VALUES (1,'2024-02-16 09:11:20.687723',_binary '\0','2024-02-16 09:11:20.687723',_binary '\0',30.3,70.5,25.2,10),(2,'2024-02-16 09:11:21.430329',_binary '\0','2024-02-16 09:11:21.430329',_binary '\0',30.3,70.5,25.2,10),(3,'2024-02-16 09:11:22.005837',_binary '\0','2024-02-16 09:11:22.005837',_binary '\0',30.3,70.5,25.2,10),(4,'2024-02-16 09:11:22.652229',_binary '\0','2024-02-16 09:11:22.652229',_binary '\0',30.3,70.5,25.2,10),(5,'2024-02-16 09:11:23.016711',_binary '\0','2024-02-16 09:11:23.016711',_binary '\0',30.3,70.5,25.2,10),(6,'2024-02-16 09:11:23.601334',_binary '\0','2024-02-16 09:11:23.601334',_binary '\0',30.3,70.5,25.2,10),(7,'2024-02-16 09:11:24.076024',_binary '\0','2024-02-16 09:11:24.076024',_binary '\0',30.3,70.5,25.2,10),(8,'2024-02-16 09:11:24.644254',_binary '\0','2024-02-16 09:11:24.644254',_binary '\0',30.3,70.5,25.2,10),(9,'2024-02-16 09:11:25.052888',_binary '\0','2024-02-16 09:11:25.052888',_binary '\0',30.3,70.5,25.2,10),(10,'2024-02-16 09:11:25.494433',_binary '\0','2024-02-16 09:11:25.494433',_binary '\0',30.3,70.5,25.2,10),(11,'2024-02-16 09:11:25.969301',_binary '\0','2024-02-16 09:11:25.969301',_binary '\0',30.3,70.5,25.2,10),(12,'2024-02-16 09:11:26.464116',_binary '\0','2024-02-16 09:11:26.464116',_binary '\0',30.3,70.5,25.2,10),(13,'2024-02-16 09:11:26.915126',_binary '\0','2024-02-16 09:11:26.915126',_binary '\0',30.3,70.5,25.2,10),(14,'2024-02-16 09:11:27.399420',_binary '\0','2024-02-16 09:11:27.399420',_binary '\0',30.3,70.5,25.2,10),(15,'2024-02-16 09:11:27.992215',_binary '\0','2024-02-16 09:11:27.992215',_binary '\0',30.3,70.5,25.2,10),(16,'2024-02-16 09:11:28.500580',_binary '\0','2024-02-16 09:11:28.500580',_binary '\0',30.3,70.5,25.2,10),(17,'2024-02-16 09:11:29.008725',_binary '\0','2024-02-16 09:11:29.008725',_binary '\0',30.3,70.5,25.2,10),(18,'2024-02-16 09:11:29.532534',_binary '\0','2024-02-16 09:11:29.532534',_binary '\0',30.3,70.5,25.2,10),(19,'2024-02-16 09:11:30.032087',_binary '\0','2024-02-16 09:11:30.032087',_binary '\0',30.3,70.5,25.2,10),(20,'2024-02-16 09:11:30.449062',_binary '\0','2024-02-16 09:11:30.449062',_binary '\0',30.3,70.5,25.2,10),(21,'2024-02-16 09:14:38.975122',_binary '\0','2024-02-16 09:14:38.975122',_binary '\0',30.3,70.5,25.2,10),(22,'2024-02-16 09:14:39.604258',_binary '\0','2024-02-16 09:14:39.604258',_binary '\0',30.3,70.5,25.2,10),(23,'2024-02-16 09:14:40.206286',_binary '\0','2024-02-16 09:14:40.206286',_binary '\0',30.3,70.5,25.2,10),(24,'2024-02-16 09:14:40.772437',_binary '\0','2024-02-16 09:14:40.772437',_binary '\0',30.3,70.5,25.2,10),(25,'2024-02-16 09:14:41.325833',_binary '\0','2024-02-16 09:14:41.325833',_binary '\0',30.3,70.5,25.2,10),(26,'2024-02-16 09:14:41.856487',_binary '\0','2024-02-16 09:14:41.856487',_binary '\0',30.3,70.5,25.2,10),(27,'2024-02-16 09:14:42.386873',_binary '\0','2024-02-16 09:14:42.386873',_binary '\0',30.3,70.5,25.2,10),(28,'2024-02-16 09:14:42.869541',_binary '\0','2024-02-16 09:14:42.869541',_binary '\0',30.3,70.5,25.2,10),(29,'2024-02-16 09:14:43.371684',_binary '\0','2024-02-16 09:14:43.371684',_binary '\0',30.3,70.5,25.2,10),(30,'2024-02-16 09:14:43.823802',_binary '\0','2024-02-16 09:14:43.823802',_binary '\0',30.3,70.5,25.2,10),(31,'2024-02-16 09:14:44.326813',_binary '\0','2024-02-16 09:14:44.326813',_binary '\0',30.3,70.5,25.2,10),(32,'2024-02-16 09:14:44.822478',_binary '\0','2024-02-16 09:14:44.822478',_binary '\0',30.3,70.5,25.2,10),(33,'2024-02-16 09:14:45.235968',_binary '\0','2024-02-16 09:14:45.235968',_binary '\0',30.3,70.5,25.2,10),(34,'2024-02-16 09:14:45.696647',_binary '\0','2024-02-16 09:14:45.696647',_binary '\0',30.3,70.5,25.2,10),(35,'2024-02-16 09:14:46.089433',_binary '\0','2024-02-16 09:14:46.089433',_binary '\0',30.3,70.5,25.2,10),(36,'2024-02-16 09:14:46.494664',_binary '\0','2024-02-16 09:14:46.494664',_binary '\0',30.3,70.5,25.2,10),(37,'2024-02-16 09:14:46.819673',_binary '\0','2024-02-16 09:14:46.819673',_binary '\0',30.3,70.5,25.2,10),(38,'2024-02-16 09:14:47.254186',_binary '\0','2024-02-16 09:14:47.254186',_binary '\0',30.3,70.5,25.2,10),(39,'2024-02-16 09:14:47.641941',_binary '\0','2024-02-16 09:14:47.641941',_binary '\0',30.3,70.5,25.2,10),(40,'2024-02-16 09:14:48.095289',_binary '\0','2024-02-16 09:14:48.095289',_binary '\0',30.3,70.5,25.2,10),(41,'2024-02-16 09:51:04.392785',_binary '\0','2024-02-16 09:51:04.392785',_binary '\0',0,83,0,14),(42,'2024-02-16 09:51:08.001552',_binary '\0','2024-02-16 09:51:08.001552',_binary '\0',0,83,40,14),(43,'2024-02-16 09:51:10.519930',_binary '\0','2024-02-16 09:51:10.519930',_binary '\0',13,83,40,14),(44,'2024-02-16 10:11:57.190983',_binary '\0','2024-02-16 10:11:57.190983',_binary '\0',0,100,0,12),(45,'2024-02-16 10:12:01.236599',_binary '\0','2024-02-16 10:12:01.236599',_binary '\0',0,100,37,12),(46,'2024-02-16 10:12:04.773305',_binary '\0','2024-02-16 10:12:04.773305',_binary '\0',15,100,37,12),(47,'2024-02-16 10:12:42.028938',_binary '\0','2024-02-16 10:12:42.028938',_binary '\0',15,100,37,12),(48,'2024-02-16 10:12:43.400607',_binary '\0','2024-02-16 10:12:43.400607',_binary '\0',15,100,37,12),(49,'2024-02-16 10:12:44.675702',_binary '\0','2024-02-16 10:12:44.675702',_binary '\0',15,100,37,12),(50,'2024-02-16 10:13:49.564537',_binary '\0','2024-02-16 10:13:49.564537',_binary '\0',15,90,37,12),(51,'2024-02-16 10:42:06.298187',_binary '\0','2024-02-16 10:42:06.298187',_binary '\0',0,68,0,9),(52,'2024-02-16 10:42:08.514273',_binary '\0','2024-02-16 10:42:08.514273',_binary '\0',0,80,0,2),(53,'2024-02-16 10:42:09.468984',_binary '\0','2024-02-16 10:42:09.468984',_binary '\0',0,68,35,9),(54,'2024-02-16 10:42:11.356406',_binary '\0','2024-02-16 10:42:11.356406',_binary '\0',0,80,32,2),(55,'2024-02-16 10:42:12.544497',_binary '\0','2024-02-16 10:42:12.544497',_binary '\0',13,68,35,9),(56,'2024-02-16 10:42:13.299497',_binary '\0','2024-02-16 10:42:13.299497',_binary '\0',20,80,32,2),(57,'2024-02-16 10:42:18.097682',_binary '\0','2024-02-16 10:42:18.097682',_binary '\0',0,37,0,5),(58,'2024-02-16 10:42:27.237950',_binary '\0','2024-02-16 10:42:27.237950',_binary '\0',0,37,15,5),(59,'2024-02-16 10:42:36.475490',_binary '\0','2024-02-16 10:42:36.475490',_binary '\0',3,37,15,5),(60,'2024-02-16 13:45:45.047240',_binary '\0','2024-02-16 13:45:45.047240',_binary '\0',0,80,0,3),(61,'2024-02-16 13:46:28.347138',_binary '\0','2024-02-16 13:46:28.347138',_binary '\0',20,80,0,3),(62,'2024-02-16 13:46:31.394864',_binary '\0','2024-02-16 13:46:31.394864',_binary '\0',20,80,30,3),(63,'2024-02-16 13:46:33.684417',_binary '\0','2024-02-16 13:46:33.684417',_binary '\0',20,0,30,3),(64,'2024-02-16 13:47:26.082143',_binary '\0','2024-02-16 13:47:26.082143',_binary '\0',20,0,30,3),(65,'2024-02-16 13:48:14.306743',_binary '\0','2024-02-16 13:48:14.306743',_binary '\0',20,0,0,3);
/*!40000 ALTER TABLE `individual_goal` ENABLE KEYS */;
UNLOCK TABLES;

--
-- Table structure for table `my_routine`
--

DROP TABLE IF EXISTS `my_routine`;
/*!40101 SET @saved_cs_client     = @@character_set_client */;
/*!50503 SET character_set_client = utf8mb4 */;
CREATE TABLE `my_routine` (
  `my_routine_id` int NOT NULL AUTO_INCREMENT,
  `created_at` datetime(6) DEFAULT NULL,
  `flag` bit(1) NOT NULL DEFAULT b'0',
  `modified_at` datetime(6) DEFAULT NULL,
  `title` varchar(50) DEFAULT NULL,
  `which_day` int DEFAULT NULL,
  `user_id` int DEFAULT NULL,
  PRIMARY KEY (`my_routine_id`),
  KEY `FK53gawqv582al25tab04psgyca` (`user_id`),
  CONSTRAINT `FK53gawqv582al25tab04psgyca` FOREIGN KEY (`user_id`) REFERENCES `user` (`user_id`)
) ENGINE=InnoDB AUTO_INCREMENT=148 DEFAULT CHARSET=utf8mb4 COLLATE=utf8mb4_0900_ai_ci;
/*!40101 SET character_set_client = @saved_cs_client */;

--
-- Dumping data for table `my_routine`
--

LOCK TABLES `my_routine` WRITE;
/*!40000 ALTER TABLE `my_routine` DISABLE KEYS */;
INSERT INTO `my_routine` VALUES (1,'2024-02-16 03:00:34.450285',_binary '\0','2024-02-16 03:00:34.450285',NULL,1,1),(2,'2024-02-16 03:00:34.468932',_binary '\0','2024-02-16 03:00:34.468932',NULL,2,1),(3,'2024-02-16 03:00:34.494243',_binary '\0','2024-02-16 03:00:34.494243',NULL,3,1),(4,'2024-02-16 03:00:34.512052',_binary '\0','2024-02-16 03:00:34.512052',NULL,4,1),(5,'2024-02-16 03:00:34.538598',_binary '\0','2024-02-16 03:00:34.538598',NULL,5,1),(6,'2024-02-16 03:00:34.553489',_binary '\0','2024-02-16 03:00:34.553489',NULL,6,1),(7,'2024-02-16 03:00:34.567806',_binary '\0','2024-02-16 03:00:34.567806',NULL,7,1),(8,'2024-02-16 03:19:58.631778',_binary '\0','2024-02-16 03:19:58.631778',NULL,1,2),(9,'2024-02-16 03:19:58.636139',_binary '\0','2024-02-16 03:19:58.636139',NULL,2,2),(10,'2024-02-16 03:19:58.639504',_binary '\0','2024-02-16 03:19:58.639504',NULL,3,2),(11,'2024-02-16 03:19:58.647543',_binary '\0','2024-02-16 03:19:58.647543',NULL,4,2),(12,'2024-02-16 03:19:58.651465',_binary '\0','2024-02-16 03:19:58.651465',NULL,5,2),(13,'2024-02-16 03:19:58.655517',_binary '\0','2024-02-16 03:19:58.655517',NULL,6,2),(14,'2024-02-16 03:19:58.659470',_binary '\0','2024-02-16 03:19:58.659470',NULL,7,2),(15,'2024-02-16 03:23:52.739747',_binary '\0','2024-02-16 03:23:52.739747',NULL,1,3),(16,'2024-02-16 03:23:52.745834',_binary '\0','2024-02-16 03:23:52.745834',NULL,2,3),(17,'2024-02-16 03:23:52.750934',_binary '\0','2024-02-16 03:23:52.750934',NULL,3,3),(18,'2024-02-16 03:23:52.768663',_binary '\0','2024-02-16 03:23:52.768663',NULL,4,3),(19,'2024-02-16 03:23:52.774141',_binary '\0','2024-02-16 03:23:52.774141',NULL,5,3),(20,'2024-02-16 03:23:52.782341',_binary '\0','2024-02-16 03:23:52.782341',NULL,6,3),(21,'2024-02-16 03:23:52.788459',_binary '\0','2024-02-16 03:23:52.788459',NULL,7,3),(22,'2024-02-16 03:43:29.835268',_binary '\0','2024-02-16 03:43:29.835268',NULL,1,4),(23,'2024-02-16 03:43:29.852297',_binary '\0','2024-02-16 03:43:29.852297',NULL,2,4),(24,'2024-02-16 03:43:29.861881',_binary '\0','2024-02-16 03:43:29.861881',NULL,3,4),(25,'2024-02-16 03:43:29.870540',_binary '\0','2024-02-16 03:43:29.870540',NULL,4,4),(26,'2024-02-16 03:43:29.878858',_binary '\0','2024-02-16 03:43:29.878858',NULL,5,4),(27,'2024-02-16 03:43:29.888002',_binary '\0','2024-02-16 03:43:29.888002',NULL,6,4),(28,'2024-02-16 03:43:29.898067',_binary '\0','2024-02-16 03:43:29.898067',NULL,7,4),(29,'2024-02-16 08:38:41.725662',_binary '\0','2024-02-16 08:38:41.725662',NULL,1,5),(30,'2024-02-16 08:38:41.729306',_binary '\0','2024-02-16 08:38:41.729306',NULL,2,5),(31,'2024-02-16 08:38:41.732541',_binary '\0','2024-02-16 08:38:41.732541',NULL,3,5),(32,'2024-02-16 08:38:41.735637',_binary '\0','2024-02-16 08:38:41.735637',NULL,4,5),(33,'2024-02-16 08:38:41.738639',_binary '\0','2024-02-16 08:38:41.738639',NULL,5,5),(34,'2024-02-16 08:38:41.742318',_binary '\0','2024-02-16 08:38:41.742318',NULL,6,5),(35,'2024-02-16 08:38:41.745306',_binary '\0','2024-02-16 08:38:41.745306',NULL,7,5),(36,'2024-02-16 08:39:43.005587',_binary '\0','2024-02-16 08:39:43.005587',NULL,1,6),(37,'2024-02-16 08:39:43.008589',_binary '\0','2024-02-16 08:39:43.008589',NULL,2,6),(38,'2024-02-16 08:39:43.011371',_binary '\0','2024-02-16 08:39:43.011371',NULL,3,6),(39,'2024-02-16 08:39:43.015616',_binary '\0','2024-02-16 08:39:43.015616',NULL,4,6),(40,'2024-02-16 08:39:43.018395',_binary '\0','2024-02-16 08:39:43.018395',NULL,5,6),(41,'2024-02-16 08:39:43.021325',_binary '\0','2024-02-16 08:39:43.021325',NULL,6,6),(42,'2024-02-16 08:39:43.024330',_binary '\0','2024-02-16 08:39:43.024330',NULL,7,6),(43,'2024-02-16 08:41:02.245364',_binary '\0','2024-02-16 08:41:02.245364',NULL,1,7),(44,'2024-02-16 08:41:02.248571',_binary '\0','2024-02-16 08:41:02.248571',NULL,2,7),(45,'2024-02-16 08:41:02.251600',_binary '\0','2024-02-16 08:41:02.251600',NULL,3,7),(46,'2024-02-16 08:41:02.254448',_binary '\0','2024-02-16 08:41:02.254448',NULL,4,7),(47,'2024-02-16 08:41:02.257566',_binary '\0','2024-02-16 08:41:02.257566',NULL,5,7),(48,'2024-02-16 08:41:02.260888',_binary '\0','2024-02-16 08:41:02.260888',NULL,6,7),(49,'2024-02-16 08:41:02.263732',_binary '\0','2024-02-16 08:41:02.263732',NULL,7,7),(50,'2024-02-16 09:00:13.518232',_binary '\0','2024-02-16 09:00:13.518232',NULL,1,8),(51,'2024-02-16 09:00:13.526183',_binary '\0','2024-02-16 09:00:13.526183',NULL,2,8),(52,'2024-02-16 09:00:13.529976',_binary '\0','2024-02-16 09:00:13.529976',NULL,3,8),(53,'2024-02-16 09:00:13.533614',_binary '\0','2024-02-16 09:00:13.533614',NULL,4,8),(54,'2024-02-16 09:00:13.538330',_binary '\0','2024-02-16 09:00:13.538330',NULL,5,8),(55,'2024-02-16 09:00:13.542599',_binary '\0','2024-02-16 09:00:13.542599',NULL,6,8),(56,'2024-02-16 09:00:13.546400',_binary '\0','2024-02-16 09:00:13.546400',NULL,7,8),(57,'2024-02-16 09:00:38.916191',_binary '\0','2024-02-16 09:00:38.916191',NULL,1,9),(58,'2024-02-16 09:00:38.920310',_binary '\0','2024-02-16 09:00:38.920310',NULL,2,9),(59,'2024-02-16 09:00:38.923705',_binary '\0','2024-02-16 09:00:38.923705',NULL,3,9),(60,'2024-02-16 09:00:38.927671',_binary '\0','2024-02-16 09:00:38.927671',NULL,4,9),(61,'2024-02-16 09:00:38.931312',_binary '\0','2024-02-16 09:00:38.931312',NULL,5,9),(62,'2024-02-16 09:00:38.935055',_binary '\0','2024-02-16 09:00:38.935055',NULL,6,9),(63,'2024-02-16 09:00:38.938839',_binary '\0','2024-02-16 09:00:38.938839',NULL,7,9),(64,'2024-02-16 09:03:40.555885',_binary '\0','2024-02-16 09:03:40.555885',NULL,1,10),(65,'2024-02-16 09:03:40.559181',_binary '\0','2024-02-16 09:03:40.559181',NULL,2,10),(66,'2024-02-16 09:03:40.562060',_binary '\0','2024-02-16 09:03:40.562060',NULL,3,10),(67,'2024-02-16 09:03:40.564990',_binary '\0','2024-02-16 09:03:40.564990',NULL,4,10),(68,'2024-02-16 09:03:40.568031',_binary '\0','2024-02-16 09:03:40.568031',NULL,5,10),(69,'2024-02-16 09:03:40.571054',_binary '\0','2024-02-16 09:03:40.571054',NULL,6,10),(70,'2024-02-16 09:03:40.574027',_binary '\0','2024-02-16 09:03:40.574027',NULL,7,10),(71,'2024-02-16 09:05:31.877518',_binary '\0','2024-02-16 09:05:31.877518',NULL,1,11),(72,'2024-02-16 09:05:31.880927',_binary '\0','2024-02-16 09:05:31.880927',NULL,2,11),(73,'2024-02-16 09:05:31.884201',_binary '\0','2024-02-16 09:05:31.884201',NULL,3,11),(74,'2024-02-16 09:05:31.887126',_binary '\0','2024-02-16 09:05:31.887126',NULL,4,11),(75,'2024-02-16 09:05:31.889977',_binary '\0','2024-02-16 09:05:31.889977',NULL,5,11),(76,'2024-02-16 09:05:31.892848',_binary '\0','2024-02-16 09:05:31.892848',NULL,6,11),(77,'2024-02-16 09:05:31.895734',_binary '\0','2024-02-16 09:05:31.895734',NULL,7,11),(78,'2024-02-16 09:08:34.195618',_binary '\0','2024-02-16 09:08:34.195618',NULL,1,12),(79,'2024-02-16 09:08:34.198417',_binary '\0','2024-02-16 09:08:34.198417',NULL,2,12),(80,'2024-02-16 09:08:34.201348',_binary '\0','2024-02-16 09:08:34.201348',NULL,3,12),(81,'2024-02-16 09:08:34.204201',_binary '\0','2024-02-16 09:08:34.204201',NULL,4,12),(82,'2024-02-16 09:08:34.207413',_binary '\0','2024-02-16 09:08:34.207413',NULL,5,12),(83,'2024-02-16 09:08:34.210268',_binary '\0','2024-02-16 09:08:34.210268',NULL,6,12),(84,'2024-02-16 09:08:34.213145',_binary '\0','2024-02-16 09:08:34.213145',NULL,7,12),(85,'2024-02-16 09:23:14.122474',_binary '\0','2024-02-16 09:23:14.122474',NULL,1,13),(86,'2024-02-16 09:23:14.133131',_binary '\0','2024-02-16 09:23:14.133131',NULL,2,13),(87,'2024-02-16 09:23:14.140205',_binary '\0','2024-02-16 09:23:14.140205',NULL,3,13),(88,'2024-02-16 09:23:14.142700',_binary '\0','2024-02-16 09:23:14.142700',NULL,4,13),(89,'2024-02-16 09:23:14.146006',_binary '\0','2024-02-16 09:23:14.146006',NULL,5,13),(90,'2024-02-16 09:23:14.148438',_binary '\0','2024-02-16 09:23:14.148438',NULL,6,13),(91,'2024-02-16 09:23:14.152171',_binary '\0','2024-02-16 09:23:14.152171',NULL,7,13),(92,'2024-02-16 09:39:29.734382',_binary '\0','2024-02-16 09:39:29.734382',NULL,1,14),(93,'2024-02-16 09:39:29.737260',_binary '\0','2024-02-16 09:39:29.737260',NULL,2,14),(94,'2024-02-16 09:39:29.740105',_binary '\0','2024-02-16 09:39:29.740105',NULL,3,14),(95,'2024-02-16 09:39:29.742718',_binary '\0','2024-02-16 09:39:29.742718',NULL,4,14),(96,'2024-02-16 09:39:29.745705',_binary '\0','2024-02-16 09:39:29.745705',NULL,5,14),(97,'2024-02-16 09:39:29.748345',_binary '\0','2024-02-16 09:39:29.748345',NULL,6,14),(98,'2024-02-16 09:39:29.750690',_binary '\0','2024-02-16 09:39:29.750690',NULL,7,14),(99,'2024-02-16 10:56:51.180297',_binary '\0','2024-02-16 10:56:51.180297',NULL,1,15),(100,'2024-02-16 10:56:51.185645',_binary '\0','2024-02-16 10:56:51.185645',NULL,2,15),(101,'2024-02-16 10:56:51.188111',_binary '\0','2024-02-16 10:56:51.188111',NULL,3,15),(102,'2024-02-16 10:56:51.190581',_binary '\0','2024-02-16 10:56:51.190581',NULL,4,15),(103,'2024-02-16 10:56:51.193637',_binary '\0','2024-02-16 10:56:51.193637',NULL,5,15),(104,'2024-02-16 10:56:51.196548',_binary '\0','2024-02-16 10:56:51.196548',NULL,6,15),(105,'2024-02-16 10:56:51.199015',_binary '\0','2024-02-16 10:56:51.199015',NULL,7,15),(106,'2024-02-16 11:06:02.742241',_binary '\0','2024-02-16 11:06:02.742241',NULL,1,16),(107,'2024-02-16 11:06:02.744556',_binary '\0','2024-02-16 11:06:02.744556',NULL,2,16),(108,'2024-02-16 11:06:02.746788',_binary '\0','2024-02-16 11:06:02.746788',NULL,3,16),(109,'2024-02-16 11:06:02.748886',_binary '\0','2024-02-16 11:06:02.748886',NULL,4,16),(110,'2024-02-16 11:06:02.753708',_binary '\0','2024-02-16 11:06:02.753708',NULL,5,16),(111,'2024-02-16 11:06:02.756008',_binary '\0','2024-02-16 11:06:02.756008',NULL,6,16),(112,'2024-02-16 11:06:02.758710',_binary '\0','2024-02-16 11:06:02.758710',NULL,7,16),(113,'2024-02-16 11:14:43.480206',_binary '\0','2024-02-16 11:14:43.480206',NULL,1,17),(114,'2024-02-16 11:14:43.482276',_binary '\0','2024-02-16 11:14:43.482276',NULL,2,17),(115,'2024-02-16 11:14:43.484435',_binary '\0','2024-02-16 11:14:43.484435',NULL,3,17),(116,'2024-02-16 11:14:43.486776',_binary '\0','2024-02-16 11:14:43.486776',NULL,4,17),(117,'2024-02-16 11:14:43.488999',_binary '\0','2024-02-16 11:14:43.488999',NULL,5,17),(118,'2024-02-16 11:14:43.491200',_binary '\0','2024-02-16 11:14:43.491200',NULL,6,17),(119,'2024-02-16 11:14:43.493346',_binary '\0','2024-02-16 11:14:43.493346',NULL,7,17),(120,'2024-02-16 11:15:37.501055',_binary '\0','2024-02-16 11:15:37.501055',NULL,1,18),(121,'2024-02-16 11:15:37.503242',_binary '\0','2024-02-16 11:15:37.503242',NULL,2,18),(122,'2024-02-16 11:15:37.505562',_binary '\0','2024-02-16 11:15:37.505562',NULL,3,18),(123,'2024-02-16 11:15:37.508192',_binary '\0','2024-02-16 11:15:37.508192',NULL,4,18),(124,'2024-02-16 11:15:37.510258',_binary '\0','2024-02-16 11:15:37.510258',NULL,5,18),(125,'2024-02-16 11:15:37.512351',_binary '\0','2024-02-16 11:15:37.512351',NULL,6,18),(126,'2024-02-16 11:15:37.514764',_binary '\0','2024-02-16 11:15:37.514764',NULL,7,18),(127,'2024-02-16 11:20:50.457159',_binary '\0','2024-02-16 11:20:50.457159',NULL,1,19),(128,'2024-02-16 11:20:50.459470',_binary '\0','2024-02-16 11:20:50.459470',NULL,2,19),(129,'2024-02-16 11:20:50.462127',_binary '\0','2024-02-16 11:20:50.462127',NULL,3,19),(130,'2024-02-16 11:20:50.464243',_binary '\0','2024-02-16 11:20:50.464243',NULL,4,19),(131,'2024-02-16 11:20:50.466221',_binary '\0','2024-02-16 11:20:50.466221',NULL,5,19),(132,'2024-02-16 11:20:50.469323',_binary '\0','2024-02-16 11:20:50.469323',NULL,6,19),(133,'2024-02-16 11:20:50.471729',_binary '\0','2024-02-16 11:20:50.471729',NULL,7,19),(134,'2024-02-16 11:21:23.839166',_binary '\0','2024-02-16 11:21:23.839166',NULL,1,20),(135,'2024-02-16 11:21:23.841331',_binary '\0','2024-02-16 11:21:23.841331',NULL,2,20),(136,'2024-02-16 11:21:23.843412',_binary '\0','2024-02-16 11:21:23.843412',NULL,3,20),(137,'2024-02-16 11:21:23.845586',_binary '\0','2024-02-16 11:21:23.845586',NULL,4,20),(138,'2024-02-16 11:21:23.847663',_binary '\0','2024-02-16 11:21:23.847663',NULL,5,20),(139,'2024-02-16 11:21:23.849620',_binary '\0','2024-02-16 11:21:23.849620',NULL,6,20),(140,'2024-02-16 11:21:23.851664',_binary '\0','2024-02-16 11:21:23.851664',NULL,7,20),(141,'2024-02-18 01:16:00.458541',_binary '\0','2024-02-18 01:16:00.458541',NULL,1,21),(142,'2024-02-18 01:16:00.460506',_binary '\0','2024-02-18 01:16:00.460506',NULL,2,21),(143,'2024-02-18 01:16:00.462511',_binary '\0','2024-02-18 01:16:00.462511',NULL,3,21),(144,'2024-02-18 01:16:00.464414',_binary '\0','2024-02-18 01:16:00.464414',NULL,4,21),(145,'2024-02-18 01:16:00.466251',_binary '\0','2024-02-18 01:16:00.466251',NULL,5,21),(146,'2024-02-18 01:16:00.468068',_binary '\0','2024-02-18 01:16:00.468068',NULL,6,21),(147,'2024-02-18 01:16:00.469861',_binary '\0','2024-02-18 01:16:00.469861',NULL,7,21);
/*!40000 ALTER TABLE `my_routine` ENABLE KEYS */;
UNLOCK TABLES;

--
-- Table structure for table `notification`
--

DROP TABLE IF EXISTS `notification`;
/*!40101 SET @saved_cs_client     = @@character_set_client */;
/*!50503 SET character_set_client = utf8mb4 */;
CREATE TABLE `notification` (
  `notification_id` int NOT NULL AUTO_INCREMENT,
  `created_at` datetime(6) DEFAULT NULL,
  `flag` bit(1) NOT NULL DEFAULT b'0',
  `modified_at` datetime(6) DEFAULT NULL,
  `is_read` bit(1) NOT NULL,
  `message` varchar(200) DEFAULT NULL,
  `notification_type` enum('CLUB','CLUB_LEADER','CLUB_MEMBER','FEED','FOLLOW','OTHER') NOT NULL,
  `receiver_id` int NOT NULL,
  `send_user_id` int NOT NULL,
  `sender_id` int NOT NULL,
  PRIMARY KEY (`notification_id`)
) ENGINE=InnoDB AUTO_INCREMENT=227 DEFAULT CHARSET=utf8mb4 COLLATE=utf8mb4_0900_ai_ci;
/*!40101 SET character_set_client = @saved_cs_client */;

--
-- Dumping data for table `notification`
--

LOCK TABLES `notification` WRITE;
/*!40000 ALTER TABLE `notification` DISABLE KEYS */;
INSERT INTO `notification` VALUES (1,'2024-02-16 03:00:49.797131',_binary '\0','2024-02-16 08:31:53.935794',_binary '','짱구운동좋아해님이 팔로우하였습니다.','FOLLOW',1,1,1),(2,'2024-02-16 03:24:15.892991',_binary '\0','2024-02-16 03:24:15.892991',_binary '\0','SSAFY님이 팔로우하였습니다.','FOLLOW',2,3,3),(3,'2024-02-16 03:26:53.697137',_binary '\0','2024-02-16 03:26:53.697137',_binary '\0','짱구운동좋아해님이 팔로우하였습니다.','FOLLOW',2,1,1),(4,'2024-02-16 03:42:10.568373',_binary '\0','2024-02-16 03:42:10.568373',_binary '\0','짱구운동좋아해님이 팔로우 취소하였습니다.','FOLLOW',2,1,1),(5,'2024-02-16 03:44:07.359624',_binary '\0','2024-02-16 03:44:07.359624',_binary '\0','chan 님이 피드를 좋아요 하였습니다.','FEED',3,4,1),(6,'2024-02-16 03:44:42.022582',_binary '\0','2024-02-16 03:44:42.022582',_binary '\0','chan 님이 피드에 댓글을 작성하였습니다.','FEED',3,4,1),(7,'2024-02-16 08:44:22.475790',_binary '\0','2024-02-16 08:44:22.475790',_binary '\0','soyonii 님이 피드에 댓글을 작성하였습니다.','FEED',3,5,1),(8,'2024-02-16 09:02:30.839484',_binary '\0','2024-02-16 09:02:30.839484',_binary '\0','jwa_randung 님이 피드를 좋아요 하였습니다.','FEED',4,8,3),(9,'2024-02-16 09:02:42.746843',_binary '\0','2024-02-16 09:02:42.746843',_binary '\0','jwa_randung 님이 피드에 댓글을 작성하였습니다.','FEED',4,8,3),(10,'2024-02-16 09:05:44.689359',_binary '\0','2024-02-16 09:05:44.689359',_binary '\0','Hover님이 팔로우하였습니다.','FOLLOW',2,9,9),(11,'2024-02-16 09:05:45.487661',_binary '\0','2024-02-16 09:05:45.487661',_binary '\0','Hover님이 팔로우하였습니다.','FOLLOW',1,9,9),(12,'2024-02-16 09:05:52.973754',_binary '\0','2024-02-16 09:23:16.633123',_binary '','Hover님이 팔로우하였습니다.','FOLLOW',4,9,9),(13,'2024-02-16 09:06:07.440625',_binary '\0','2024-02-16 09:06:23.097237',_binary '','Hover님이 팔로우하였습니다.','FOLLOW',5,9,9),(14,'2024-02-16 09:06:23.751267',_binary '\0','2024-02-16 09:16:37.658480',_binary '','낙성대헬린이 님이 피드를 좋아요 하였습니다.','FEED',5,10,9),(15,'2024-02-16 09:06:26.466143',_binary '\0','2024-02-16 09:15:59.318079',_binary '','낙성대헬린이 님이 피드를 좋아요 하였습니다.','FEED',5,10,8),(16,'2024-02-16 09:06:34.205371',_binary '\0','2024-02-16 09:15:19.898478',_binary '','Hover 님이 피드에 댓글을 작성하였습니다.','FEED',5,9,9),(17,'2024-02-16 09:06:43.976529',_binary '\0','2024-02-16 09:08:35.276307',_binary '','낙성대헬린이 님이 피드를 좋아요 하였습니다.','FEED',11,10,10),(18,'2024-02-16 09:06:45.176408',_binary '\0','2024-02-16 09:54:19.347016',_binary '','Hover님이 팔로우하였습니다.','FOLLOW',10,9,9),(19,'2024-02-16 09:06:55.520523',_binary '\0','2024-02-16 09:06:55.520523',_binary '\0','낙성대헬린이 님이 피드를 좋아요 하였습니다.','FEED',10,10,7),(20,'2024-02-16 09:08:38.730639',_binary '\0','2024-02-16 09:08:56.229501',_binary '','낙성대헬린이님께서 ?헬짱되자? 클럽에 가입을 요청하였습니다.','CLUB_LEADER',5,10,2),(21,'2024-02-16 09:08:55.226456',_binary '\0','2024-02-16 09:08:55.226456',_binary '\0','?헬짱되자? 클럽의 가입 요청이 승낙되었습니다.','CLUB_MEMBER',10,5,2),(22,'2024-02-16 09:09:01.332169',_binary '\0','2024-02-16 09:12:43.239285',_binary '','Hover님께서 ?헬짱되자? 클럽에 가입을 요청하였습니다.','CLUB_LEADER',5,9,2),(23,'2024-02-16 09:09:02.381568',_binary '\0','2024-02-16 09:09:02.381568',_binary '\0','이영서님께서 용산구운동좋아하는사람 클럽에 가입을 요청하였습니다.','CLUB_LEADER',7,2,1),(24,'2024-02-16 09:09:08.671851',_binary '\0','2024-02-16 09:12:41.006322',_binary '','운동썬글라스남님께서 ?헬짱되자? 클럽에 가입을 요청하였습니다.','CLUB_LEADER',5,11,2),(25,'2024-02-16 09:09:41.847261',_binary '\0','2024-02-16 09:12:38.999158',_binary '','킹콩님께서 ?헬짱되자? 클럽에 가입을 요청하였습니다.','CLUB_LEADER',5,12,2),(26,'2024-02-16 09:12:34.170593',_binary '\0','2024-02-16 09:12:34.170593',_binary '\0','Hover님께서 용산구운동좋아하는사람 클럽에 가입을 요청하였습니다.','CLUB_LEADER',7,9,1),(27,'2024-02-16 09:12:38.258152',_binary '\0','2024-02-16 09:28:18.932142',_binary '','?헬짱되자? 클럽의 가입 요청이 승낙되었습니다.','CLUB_MEMBER',12,5,2),(28,'2024-02-16 09:12:40.228907',_binary '\0','2024-02-16 09:12:40.228907',_binary '\0','?헬짱되자? 클럽의 가입 요청이 승낙되었습니다.','CLUB_MEMBER',11,5,2),(29,'2024-02-16 09:12:42.438496',_binary '\0','2024-02-16 09:12:48.164937',_binary '','?헬짱되자? 클럽의 가입 요청이 승낙되었습니다.','CLUB_MEMBER',9,5,2),(30,'2024-02-16 09:14:47.770456',_binary '\0','2024-02-16 09:14:47.770456',_binary '\0','운동썬글라스남님이 팔로우하였습니다.','FOLLOW',10,11,11),(31,'2024-02-16 09:15:53.066822',_binary '\0','2024-02-16 09:30:14.165931',_binary '','soyonii 님이 피드를 좋아요 하였습니다.','FEED',10,5,7),(32,'2024-02-16 09:15:54.312534',_binary '\0','2024-02-16 09:15:54.312534',_binary '\0','soyonii 님이 피드를 좋아요 하였습니다.','FEED',5,5,8),(33,'2024-02-16 09:16:03.824776',_binary '\0','2024-02-16 09:16:03.824776',_binary '\0','soyonii 님이 피드를 좋아요 하였습니다.','FEED',12,5,12),(34,'2024-02-16 09:16:17.498023',_binary '\0','2024-02-16 10:59:06.406861',_binary '','soyonii님이 팔로우하였습니다.','FOLLOW',8,5,5),(35,'2024-02-16 09:16:22.947524',_binary '\0','2024-02-16 09:16:22.947524',_binary '\0','soyonii님이 팔로우하였습니다.','FOLLOW',1,5,5),(36,'2024-02-16 09:16:24.567903',_binary '\0','2024-02-16 09:16:24.567903',_binary '\0','soyonii님이 팔로우하였습니다.','FOLLOW',2,5,5),(37,'2024-02-16 09:16:26.593023',_binary '\0','2024-02-16 09:16:26.593023',_binary '\0','soyonii님이 팔로우하였습니다.','FOLLOW',10,5,5),(38,'2024-02-16 09:16:30.763909',_binary '\0','2024-02-16 09:22:58.042448',_binary '','soyonii님이 팔로우하였습니다.','FOLLOW',4,5,5),(39,'2024-02-16 09:16:53.456733',_binary '\0','2024-02-16 09:16:53.456733',_binary '\0','낙성대헬린이님이 팔로우하였습니다.','FOLLOW',5,10,10),(40,'2024-02-16 09:17:59.111997',_binary '\0','2024-02-16 09:17:59.111997',_binary '\0','Hover 님이 피드를 좋아요 하였습니다.','FEED',5,9,8),(41,'2024-02-16 09:18:07.175113',_binary '\0','2024-02-16 09:18:07.175113',_binary '\0','Hover 님이 피드에 댓글을 작성하였습니다.','FEED',10,9,7),(42,'2024-02-16 09:22:04.897198',_binary '\0','2024-02-16 09:22:04.897198',_binary '\0','낙성대헬린이님이 팔로우하였습니다.','FOLLOW',11,10,10),(43,'2024-02-16 09:22:07.590981',_binary '\0','2024-02-16 09:22:07.590981',_binary '\0','낙성대헬린이님이 팔로우하였습니다.','FOLLOW',9,10,10),(44,'2024-02-16 09:22:38.550051',_binary '\0','2024-02-16 09:23:15.639261',_binary '','Hover님께서 ?? 맛있는 식단 ?? 클럽에 가입을 요청하였습니다.','CLUB_LEADER',4,9,3),(45,'2024-02-16 09:22:49.425780',_binary '\0','2024-02-16 09:23:33.304555',_binary '','운동썬글라스남님께서 ?? 맛있는 식단 ?? 클럽에 가입을 요청하였습니다.','CLUB_LEADER',4,11,3),(46,'2024-02-16 09:23:12.001961',_binary '\0','2024-02-16 10:45:12.133458',_binary '','?? 맛있는 식단 ?? 클럽의 가입 요청이 승낙되었습니다.','CLUB_MEMBER',9,4,3),(47,'2024-02-16 09:23:26.218207',_binary '\0','2024-02-16 09:23:26.218207',_binary '\0','?? 맛있는 식단 ?? 클럽의 가입 요청이 승낙되었습니다.','CLUB_MEMBER',11,4,3),(48,'2024-02-16 09:24:51.921969',_binary '\0','2024-02-16 09:25:37.658410',_binary '','킹콩님께서 ?? 맛있는 식단 ?? 클럽에 가입을 요청하였습니다.','CLUB_LEADER',4,12,3),(49,'2024-02-16 09:25:35.790644',_binary '\0','2024-02-16 09:28:13.423476',_binary '','?? 맛있는 식단 ?? 클럽의 가입 요청이 승낙되었습니다.','CLUB_MEMBER',12,4,3),(50,'2024-02-16 09:27:41.578418',_binary '\0','2024-02-16 09:27:41.578418',_binary '\0','킹콩님이 팔로우하였습니다.','FOLLOW',10,12,12),(51,'2024-02-16 09:27:42.494519',_binary '\0','2024-02-16 09:27:42.494519',_binary '\0','킹콩님이 팔로우하였습니다.','FOLLOW',1,12,12),(52,'2024-02-16 09:27:45.921067',_binary '\0','2024-02-16 10:02:57.690212',_binary '','킹콩님이 팔로우하였습니다.','FOLLOW',2,12,12),(53,'2024-02-16 09:27:47.630532',_binary '\0','2024-02-16 09:27:47.630532',_binary '\0','킹콩님이 팔로우하였습니다.','FOLLOW',4,12,12),(54,'2024-02-16 09:27:50.091671',_binary '\0','2024-02-16 09:27:50.091671',_binary '\0','킹콩님이 팔로우하였습니다.','FOLLOW',5,12,12),(55,'2024-02-16 09:27:50.990881',_binary '\0','2024-02-16 10:59:03.200588',_binary '','킹콩님이 팔로우하였습니다.','FOLLOW',8,12,12),(56,'2024-02-16 09:27:53.630828',_binary '\0','2024-02-16 09:27:53.630828',_binary '\0','킹콩님이 팔로우하였습니다.','FOLLOW',9,12,12),(57,'2024-02-16 09:27:54.568980',_binary '\0','2024-02-16 09:27:54.568980',_binary '\0','킹콩님이 팔로우하였습니다.','FOLLOW',11,12,12),(58,'2024-02-16 09:27:55.427465',_binary '\0','2024-02-16 09:27:55.427465',_binary '\0','킹콩님이 팔로우하였습니다.','FOLLOW',3,12,12),(59,'2024-02-16 09:27:57.948758',_binary '\0','2024-02-16 09:27:57.948758',_binary '\0','킹콩님이 팔로우하였습니다.','FOLLOW',6,12,12),(60,'2024-02-16 09:27:58.867257',_binary '\0','2024-02-16 09:27:58.867257',_binary '\0','킹콩님이 팔로우하였습니다.','FOLLOW',7,12,12),(61,'2024-02-16 09:27:59.644385',_binary '\0','2024-02-16 09:27:59.644385',_binary '\0','킹콩님이 팔로우하였습니다.','FOLLOW',13,12,12),(62,'2024-02-16 09:31:05.456829',_binary '\0','2024-02-16 09:31:05.456829',_binary '\0','soyonii 님이 피드를 좋아요 하였습니다.','FEED',13,5,13),(63,'2024-02-16 09:31:11.970154',_binary '\0','2024-02-16 09:31:11.970154',_binary '\0','soyonii 님이 피드에 댓글을 작성하였습니다.','FEED',13,5,13),(64,'2024-02-16 09:32:10.409764',_binary '\0','2024-02-16 09:36:38.293113',_binary '','soyonii님께서 ?? 맛있는 식단 ?? 클럽에 가입을 요청하였습니다.','CLUB_LEADER',4,5,3),(65,'2024-02-16 09:36:37.024656',_binary '\0','2024-02-16 09:36:44.910792',_binary '','?? 맛있는 식단 ?? 클럽의 가입 요청이 승낙되었습니다.','CLUB_MEMBER',5,4,3),(66,'2024-02-16 09:45:40.216385',_binary '\0','2024-02-16 10:18:44.105794',_binary '','낙성대헬린이님께서 ?? 맛있는 식단 ?? 클럽에 가입을 요청하였습니다.','CLUB_LEADER',4,10,3),(67,'2024-02-16 09:45:44.397361',_binary '\0','2024-02-16 09:46:51.223076',_binary '','soyonii 님이 피드를 좋아요 하였습니다.','FEED',5,5,9),(68,'2024-02-16 09:55:26.280349',_binary '\0','2024-02-16 09:55:26.280349',_binary '\0','낙성대헬린이 님이 피드를 좋아요 하였습니다.','FEED',5,10,59),(69,'2024-02-16 09:55:36.298684',_binary '\0','2024-02-16 09:55:36.298684',_binary '\0','낙성대헬린이 님이 피드에 댓글을 작성하였습니다.','FEED',5,10,59),(70,'2024-02-16 09:55:40.614584',_binary '\0','2024-02-16 09:55:40.614584',_binary '\0','낙성대헬린이 님이 피드를 좋아요 하였습니다.','FEED',5,10,55),(71,'2024-02-16 09:55:49.009671',_binary '\0','2024-02-16 09:55:49.009671',_binary '\0','낙성대헬린이 님이 피드에 댓글을 작성하였습니다.','FEED',5,10,55),(72,'2024-02-16 09:55:54.969121',_binary '\0','2024-02-16 09:55:54.969121',_binary '\0','낙성대헬린이 님이 피드를 좋아요 하였습니다.','FEED',5,10,53),(73,'2024-02-16 09:56:02.902530',_binary '\0','2024-02-16 09:56:02.902530',_binary '\0','낙성대헬린이 님이 피드에 댓글을 작성하였습니다.','FEED',5,10,53),(74,'2024-02-16 09:56:05.703121',_binary '\0','2024-02-16 09:56:05.703121',_binary '\0','낙성대헬린이 님이 피드를 좋아요 하였습니다.','FEED',5,10,17),(75,'2024-02-16 09:56:11.346560',_binary '\0','2024-02-16 09:56:11.346560',_binary '\0','낙성대헬린이 님이 피드를 좋아요 하였습니다.','FEED',13,10,13),(76,'2024-02-16 09:56:18.004978',_binary '\0','2024-02-16 09:56:18.004978',_binary '\0','킹콩 님이 피드를 좋아요 하였습니다.','FEED',5,12,59),(77,'2024-02-16 09:56:20.296692',_binary '\0','2024-02-16 09:56:20.296692',_binary '\0','낙성대헬린이 님이 피드에 댓글을 작성하였습니다.','FEED',13,10,13),(78,'2024-02-16 09:56:23.320870',_binary '\0','2024-02-16 10:35:09.874976',_binary '','낙성대헬린이 님이 피드를 좋아요 하였습니다.','FEED',12,10,12),(79,'2024-02-16 09:56:24.955723',_binary '\0','2024-02-16 09:56:24.955723',_binary '\0','킹콩 님이 피드를 좋아요 하였습니다.','FEED',5,12,55),(80,'2024-02-16 09:56:34.362677',_binary '\0','2024-02-16 10:26:20.184960',_binary '','낙성대헬린이 님이 피드에 댓글을 작성하였습니다.','FEED',12,10,12),(81,'2024-02-16 09:56:43.258425',_binary '\0','2024-02-16 09:56:43.258425',_binary '\0','킹콩 님이 피드에 댓글을 작성하였습니다.','FEED',5,12,55),(82,'2024-02-16 09:56:55.641166',_binary '\0','2024-02-16 09:56:55.641166',_binary '\0','으리 님이 피드를 좋아요 하였습니다.','FEED',5,14,59),(83,'2024-02-16 09:56:55.858172',_binary '\0','2024-02-16 09:56:55.858172',_binary '\0','킹콩 님이 피드에 댓글을 작성하였습니다.','FEED',5,12,59),(84,'2024-02-16 09:57:02.483636',_binary '\0','2024-02-16 09:57:02.483636',_binary '\0','낙성대헬린이 님이 피드에 댓글을 작성하였습니다.','FEED',11,10,10),(85,'2024-02-16 09:57:09.369425',_binary '\0','2024-02-16 09:57:09.369425',_binary '\0','으리 님이 피드에 댓글을 작성하였습니다.','FEED',5,14,59),(86,'2024-02-16 09:57:16.449182',_binary '\0','2024-02-16 09:57:16.449182',_binary '\0','으리 님이 피드를 좋아요 하였습니다.','FEED',5,14,55),(87,'2024-02-16 09:57:18.889218',_binary '\0','2024-02-16 10:04:59.080327',_binary '','으리 님이 피드를 좋아요 하였습니다.','FEED',5,14,53),(88,'2024-02-16 10:00:18.521190',_binary '\0','2024-02-16 10:19:02.463377',_binary '','이영서님께서 ?? 맛있는 식단 ?? 클럽에 가입을 요청하였습니다.','CLUB_LEADER',4,2,3),(89,'2024-02-16 10:00:20.098236',_binary '\0','2024-02-16 10:00:24.545493',_binary '','이영서님께서 ?헬짱되자? 클럽에 가입을 요청하였습니다.','CLUB_LEADER',5,2,2),(90,'2024-02-16 10:00:23.659289',_binary '\0','2024-02-16 10:02:21.583834',_binary '','?헬짱되자? 클럽의 가입 요청이 승낙되었습니다.','CLUB_MEMBER',2,5,2),(91,'2024-02-16 10:04:10.590227',_binary '\0','2024-02-16 10:04:10.590227',_binary '\0','chan 님이 피드를 좋아요 하였습니다.','FEED',5,4,64),(92,'2024-02-16 10:04:16.604143',_binary '\0','2024-02-16 10:04:16.604143',_binary '\0','chan 님이 피드에 댓글을 작성하였습니다.','FEED',5,4,64),(93,'2024-02-16 10:04:19.369254',_binary '\0','2024-02-16 10:04:19.369254',_binary '\0','chan 님이 피드에 댓글을 작성하였습니다.','FEED',5,4,64),(94,'2024-02-16 10:04:23.243184',_binary '\0','2024-02-16 10:04:23.243184',_binary '\0','chan 님이 피드를 좋아요 하였습니다.','FEED',5,4,59),(95,'2024-02-16 10:04:33.969458',_binary '\0','2024-02-16 10:04:33.969458',_binary '\0','chan 님이 피드를 좋아요 하였습니다.','FEED',5,4,55),(96,'2024-02-16 10:04:38.984304',_binary '\0','2024-02-16 10:04:38.984304',_binary '\0','chan 님이 피드를 좋아요 하였습니다.','FEED',5,4,53),(97,'2024-02-16 10:04:43.674823',_binary '\0','2024-02-16 10:04:43.674823',_binary '\0','chan 님이 피드를 좋아요 하였습니다.','FEED',5,4,17),(98,'2024-02-16 10:04:46.834519',_binary '\0','2024-02-16 10:04:46.834519',_binary '\0','chan 님이 피드를 좋아요 하였습니다.','FEED',10,4,14),(99,'2024-02-16 10:07:07.974857',_binary '\0','2024-02-16 10:07:07.974857',_binary '\0','낙성대헬린이 님이 피드를 좋아요 하였습니다.','FEED',10,10,66),(100,'2024-02-16 10:07:09.890768',_binary '\0','2024-02-16 10:26:01.682548',_binary '','낙성대헬린이 님이 피드를 좋아요 하였습니다.','FEED',10,10,68),(101,'2024-02-16 10:18:42.716745',_binary '\0','2024-02-16 14:21:10.512295',_binary '','?? 맛있는 식단 ?? 클럽의 가입 요청이 승낙되었습니다.','CLUB_MEMBER',10,4,3),(102,'2024-02-16 10:19:01.117522',_binary '\0','2024-02-16 10:19:01.117522',_binary '\0','?? 맛있는 식단 ?? 클럽의 가입 요청이 승낙되었습니다.','CLUB_MEMBER',2,4,3),(103,'2024-02-16 10:19:34.094783',_binary '\0','2024-02-16 10:19:34.094783',_binary '\0','chan님이 팔로우하였습니다.','FOLLOW',10,4,4),(104,'2024-02-16 10:20:49.584051',_binary '\0','2024-02-16 10:20:49.584051',_binary '\0','킹콩 님이 피드를 좋아요 하였습니다.','FEED',10,12,68),(105,'2024-02-16 10:20:59.587366',_binary '\0','2024-02-16 10:20:59.587366',_binary '\0','킹콩 님이 피드에 댓글을 작성하였습니다.','FEED',10,12,68),(106,'2024-02-16 10:21:04.803743',_binary '\0','2024-02-16 10:21:04.803743',_binary '\0','킹콩 님이 피드를 좋아요 하였습니다.','FEED',10,12,66),(107,'2024-02-16 10:21:10.254949',_binary '\0','2024-02-16 10:21:10.254949',_binary '\0','운동썬글라스남 님이 피드를 좋아요 하였습니다.','FEED',10,11,68),(108,'2024-02-16 10:21:13.736609',_binary '\0','2024-02-16 10:21:13.736609',_binary '\0','운동썬글라스남 님이 피드를 좋아요 하였습니다.','FEED',10,11,66),(109,'2024-02-16 10:21:18.235991',_binary '\0','2024-02-16 10:21:18.235991',_binary '\0','킹콩 님이 피드에 댓글을 작성하였습니다.','FEED',10,12,66),(110,'2024-02-16 10:21:21.925991',_binary '\0','2024-02-16 10:21:21.925991',_binary '\0','운동썬글라스남 님이 피드에 댓글을 작성하였습니다.','FEED',10,11,66),(111,'2024-02-16 10:21:33.888006',_binary '\0','2024-02-16 10:21:33.888006',_binary '\0','운동썬글라스남 님이 피드에 댓글을 작성하였습니다.','FEED',10,11,68),(112,'2024-02-16 10:21:34.866441',_binary '\0','2024-02-16 10:21:34.866441',_binary '\0','킹콩 님이 피드를 좋아요 하였습니다.','FEED',10,12,65),(113,'2024-02-16 10:21:37.606045',_binary '\0','2024-02-16 10:21:37.606045',_binary '\0','운동썬글라스남 님이 피드를 좋아요 하였습니다.','FEED',10,11,65),(114,'2024-02-16 10:21:47.732226',_binary '\0','2024-02-16 10:21:47.732226',_binary '\0','운동썬글라스남 님이 피드에 댓글을 작성하였습니다.','FEED',10,11,65),(115,'2024-02-16 10:21:50.113469',_binary '\0','2024-02-16 10:21:50.113469',_binary '\0','운동썬글라스남 님이 피드를 좋아요 하였습니다.','FEED',5,11,64),(116,'2024-02-16 10:21:50.786583',_binary '\0','2024-02-16 10:21:50.786583',_binary '\0','킹콩 님이 피드에 댓글을 작성하였습니다.','FEED',10,12,65),(117,'2024-02-16 10:22:06.679169',_binary '\0','2024-02-16 10:22:06.679169',_binary '\0','킹콩 님이 피드에 댓글을 작성하였습니다.','FEED',5,12,64),(118,'2024-02-16 10:22:11.442285',_binary '\0','2024-02-16 10:22:11.442285',_binary '\0','운동썬글라스남 님이 피드에 댓글을 작성하였습니다.','FEED',5,11,64),(119,'2024-02-16 10:22:16.682423',_binary '\0','2024-02-16 10:22:16.682423',_binary '\0','운동썬글라스남 님이 피드를 좋아요 하였습니다.','FEED',5,11,59),(120,'2024-02-16 10:22:26.032876',_binary '\0','2024-02-16 10:22:26.032876',_binary '\0','운동썬글라스남 님이 피드에 댓글을 작성하였습니다.','FEED',5,11,59),(121,'2024-02-16 10:22:28.934081',_binary '\0','2024-02-16 10:22:28.934081',_binary '\0','운동썬글라스남 님이 피드를 좋아요 하였습니다.','FEED',5,11,55),(122,'2024-02-16 10:22:32.794585',_binary '\0','2024-02-16 10:22:32.794585',_binary '\0','킹콩 님이 피드를 좋아요 하였습니다.','FEED',4,12,3),(123,'2024-02-16 10:22:34.581998',_binary '\0','2024-02-16 10:22:34.581998',_binary '\0','킹콩 님이 피드를 좋아요 하였습니다.','FEED',5,12,8),(124,'2024-02-16 10:22:36.522979',_binary '\0','2024-02-16 10:22:36.522979',_binary '\0','킹콩 님이 피드를 좋아요 하였습니다.','FEED',5,12,9),(125,'2024-02-16 10:22:41.321728',_binary '\0','2024-02-16 10:22:41.321728',_binary '\0','킹콩 님이 피드를 좋아요 하였습니다.','FEED',5,12,17),(126,'2024-02-16 10:22:43.103940',_binary '\0','2024-02-16 10:22:43.103940',_binary '\0','운동썬글라스남 님이 피드에 댓글을 작성하였습니다.','FEED',5,11,55),(127,'2024-02-16 10:22:46.082159',_binary '\0','2024-02-16 10:22:46.082159',_binary '\0','운동썬글라스남 님이 피드를 좋아요 하였습니다.','FEED',5,11,53),(128,'2024-02-16 10:22:49.732547',_binary '\0','2024-02-16 10:22:49.732547',_binary '\0','운동썬글라스남 님이 피드를 좋아요 하였습니다.','FEED',10,11,14),(129,'2024-02-16 10:22:54.546670',_binary '\0','2024-02-16 10:26:06.178263',_binary '','운동썬글라스남 님이 피드에 댓글을 작성하였습니다.','FEED',10,11,14),(130,'2024-02-16 10:22:57.737971',_binary '\0','2024-02-16 12:15:20.957576',_binary '','운동썬글라스남 님이 피드를 좋아요 하였습니다.','FEED',13,11,13),(131,'2024-02-16 10:23:02.858437',_binary '\0','2024-02-16 10:23:02.858437',_binary '\0','운동썬글라스남 님이 피드를 좋아요 하였습니다.','FEED',10,11,7),(132,'2024-02-16 10:23:08.042988',_binary '\0','2024-02-16 10:23:08.042988',_binary '\0','킹콩 님이 피드에 댓글을 작성하였습니다.','FEED',5,12,17),(133,'2024-02-16 10:23:12.248785',_binary '\0','2024-02-16 10:23:12.248785',_binary '\0','운동썬글라스남 님이 피드에 댓글을 작성하였습니다.','FEED',10,11,7),(134,'2024-02-16 10:23:12.901857',_binary '\0','2024-02-16 10:23:12.901857',_binary '\0','킹콩 님이 피드를 좋아요 하였습니다.','FEED',5,12,53),(135,'2024-02-16 10:23:15.019885',_binary '\0','2024-02-16 10:26:15.117548',_binary '','운동썬글라스남 님이 피드에 댓글을 작성하였습니다.','FEED',10,11,7),(136,'2024-02-16 10:23:20.241185',_binary '\0','2024-02-16 10:23:20.241185',_binary '\0','운동썬글라스남 님이 피드를 좋아요 하였습니다.','FEED',7,11,5),(137,'2024-02-16 10:23:22.201519',_binary '\0','2024-02-16 10:23:22.201519',_binary '\0','운동썬글라스남 님이 피드를 좋아요 취소 하였습니다.','FEED',7,11,5),(138,'2024-02-16 10:23:28.661403',_binary '\0','2024-02-16 10:23:28.661403',_binary '\0','운동썬글라스남 님이 피드에 댓글을 작성하였습니다.','FEED',7,11,5),(139,'2024-02-16 10:23:30.106278',_binary '\0','2024-02-16 10:23:30.106278',_binary '\0','킹콩 님이 피드를 좋아요 하였습니다.','FEED',5,12,64),(140,'2024-02-16 10:23:34.117926',_binary '\0','2024-02-16 10:23:34.117926',_binary '\0','킹콩 님이 피드를 좋아요 하였습니다.','FEED',9,12,6),(141,'2024-02-16 10:23:36.753677',_binary '\0','2024-02-16 10:23:36.753677',_binary '\0','킹콩 님이 피드를 좋아요 하였습니다.','FEED',11,12,10),(142,'2024-02-16 10:23:39.000255',_binary '\0','2024-02-16 10:23:39.000255',_binary '\0','킹콩 님이 피드를 좋아요 하였습니다.','FEED',3,12,1),(143,'2024-02-16 10:23:40.720734',_binary '\0','2024-02-16 10:23:40.720734',_binary '\0','킹콩 님이 피드를 좋아요 하였습니다.','FEED',6,12,2),(144,'2024-02-16 10:23:43.095980',_binary '\0','2024-02-16 10:23:43.095980',_binary '\0','킹콩 님이 피드를 좋아요 하였습니다.','FEED',7,12,4),(145,'2024-02-16 10:23:45.223012',_binary '\0','2024-02-16 10:23:45.223012',_binary '\0','킹콩 님이 피드를 좋아요 하였습니다.','FEED',7,12,5),(146,'2024-02-16 10:25:29.035240',_binary '\0','2024-02-16 10:25:29.035240',_binary '\0','SSAFY 님이 피드를 좋아요 하였습니다.','FEED',10,3,68),(147,'2024-02-16 10:25:38.719405',_binary '\0','2024-02-16 10:25:38.719405',_binary '\0','SSAFY 님이 피드에 댓글을 작성하였습니다.','FEED',10,3,68),(148,'2024-02-16 10:26:07.692308',_binary '\0','2024-02-16 10:26:07.692308',_binary '\0','이영서 님이 피드를 좋아요 하였습니다.','FEED',10,2,68),(149,'2024-02-16 10:26:08.992225',_binary '\0','2024-02-16 10:26:08.992225',_binary '\0','이영서 님이 피드를 좋아요 하였습니다.','FEED',10,2,66),(150,'2024-02-16 10:26:10.449840',_binary '\0','2024-02-16 10:26:10.449840',_binary '\0','이영서 님이 피드를 좋아요 하였습니다.','FEED',10,2,65),(151,'2024-02-16 10:26:11.725212',_binary '\0','2024-02-16 10:26:11.725212',_binary '\0','이영서 님이 피드를 좋아요 하였습니다.','FEED',5,2,64),(152,'2024-02-16 10:26:13.054623',_binary '\0','2024-02-16 10:26:13.054623',_binary '\0','이영서 님이 피드를 좋아요 하였습니다.','FEED',5,2,59),(153,'2024-02-16 10:26:15.019114',_binary '\0','2024-02-16 10:26:15.019114',_binary '\0','이영서 님이 피드를 좋아요 하였습니다.','FEED',5,2,55),(154,'2024-02-16 10:26:16.510321',_binary '\0','2024-02-16 10:26:16.510321',_binary '\0','이영서 님이 피드를 좋아요 하였습니다.','FEED',5,2,53),(155,'2024-02-16 10:26:18.556106',_binary '\0','2024-02-16 10:26:18.556106',_binary '\0','이영서 님이 피드를 좋아요 하였습니다.','FEED',5,2,17),(156,'2024-02-16 10:26:20.066028',_binary '\0','2024-02-16 10:26:20.066028',_binary '\0','이영서 님이 피드를 좋아요 하였습니다.','FEED',10,2,14),(157,'2024-02-16 10:26:40.748044',_binary '\0','2024-02-16 10:26:40.748044',_binary '\0','이영서 님이 피드에 댓글을 작성하였습니다.','FEED',5,2,17),(158,'2024-02-16 10:26:55.177555',_binary '\0','2024-02-16 10:26:55.177555',_binary '\0','이영서 님이 피드에 댓글을 작성하였습니다.','FEED',5,2,53),(159,'2024-02-16 10:30:49.009961',_binary '\0','2024-02-16 10:30:49.009961',_binary '\0','chan 님이 피드에 댓글을 작성하였습니다.','FEED',10,4,68),(160,'2024-02-16 10:30:59.428774',_binary '\0','2024-02-16 10:30:59.428774',_binary '\0','chan 님이 피드를 좋아요 하였습니다.','FEED',10,4,65),(161,'2024-02-16 10:31:01.470937',_binary '\0','2024-02-16 10:31:01.470937',_binary '\0','chan 님이 피드를 좋아요 하였습니다.','FEED',10,4,66),(162,'2024-02-16 10:32:00.314308',_binary '\0','2024-02-16 10:32:00.314308',_binary '\0','낙성대헬린이 님이 피드를 좋아요 하였습니다.','FEED',12,10,75),(163,'2024-02-16 10:32:07.105241',_binary '\0','2024-02-16 10:32:07.105241',_binary '\0','낙성대헬린이 님이 피드에 댓글을 작성하였습니다.','FEED',12,10,75),(164,'2024-02-16 10:32:49.982349',_binary '\0','2024-02-16 10:32:49.982349',_binary '\0','chan 님이 피드를 좋아요 하였습니다.','FEED',12,4,75),(165,'2024-02-16 10:32:52.390108',_binary '\0','2024-02-16 10:32:52.390108',_binary '\0','chan 님이 피드를 좋아요 하였습니다.','FEED',10,4,68),(166,'2024-02-16 10:33:10.137437',_binary '\0','2024-02-16 10:33:10.137437',_binary '\0','낙성대헬린이 님이 피드를 좋아요 하였습니다.','FEED',3,10,1),(167,'2024-02-16 10:35:14.356289',_binary '\0','2024-02-16 10:35:14.356289',_binary '\0','킹콩 님이 피드를 좋아요 하였습니다.','FEED',12,12,12),(168,'2024-02-16 10:42:48.799075',_binary '\0','2024-02-16 10:42:48.799075',_binary '\0','soyonii 님이 피드를 좋아요 하였습니다.','FEED',12,5,75),(169,'2024-02-16 10:42:58.386387',_binary '\0','2024-02-16 10:42:58.386387',_binary '\0','soyonii 님이 피드에 댓글을 작성하였습니다.','FEED',12,5,75),(170,'2024-02-16 10:43:00.919341',_binary '\0','2024-02-16 10:43:00.919341',_binary '\0','soyonii 님이 피드를 좋아요 하였습니다.','FEED',10,5,68),(171,'2024-02-16 10:43:08.591439',_binary '\0','2024-02-16 10:43:08.591439',_binary '\0','soyonii 님이 피드에 댓글을 작성하였습니다.','FEED',10,5,68),(172,'2024-02-16 10:43:11.628876',_binary '\0','2024-02-16 10:43:11.628876',_binary '\0','soyonii 님이 피드를 좋아요 하였습니다.','FEED',10,5,66),(173,'2024-02-16 10:43:12.702508',_binary '\0','2024-02-16 10:43:12.702508',_binary '\0','chan 님이 피드를 좋아요 하였습니다.','FEED',10,4,7),(174,'2024-02-16 10:43:20.552715',_binary '\0','2024-02-16 10:43:20.552715',_binary '\0','soyonii 님이 피드에 댓글을 작성하였습니다.','FEED',10,5,66),(175,'2024-02-16 10:43:23.105544',_binary '\0','2024-02-16 10:43:23.105544',_binary '\0','soyonii 님이 피드를 좋아요 하였습니다.','FEED',10,5,65),(176,'2024-02-16 10:44:46.774568',_binary '\0','2024-02-16 10:44:46.774568',_binary '\0','soyonii 님이 피드를 좋아요 하였습니다.','FEED',5,5,64),(177,'2024-02-16 10:57:01.047120',_binary '\0','2024-02-16 10:57:01.047120',_binary '\0','jwa_randung 님이 피드를 좋아요 하였습니다.','FEED',12,8,75),(178,'2024-02-16 10:57:07.594423',_binary '\0','2024-02-16 10:57:07.594423',_binary '\0','jwa_randung 님이 피드를 좋아요 하였습니다.','FEED',10,8,68),(179,'2024-02-16 10:57:10.669169',_binary '\0','2024-02-16 10:57:10.669169',_binary '\0','jwa_randung 님이 피드를 좋아요 하였습니다.','FEED',10,8,66),(180,'2024-02-16 10:57:12.592331',_binary '\0','2024-02-16 10:57:12.592331',_binary '\0','jwa_randung 님이 피드를 좋아요 하였습니다.','FEED',10,8,65),(181,'2024-02-16 10:57:27.628110',_binary '\0','2024-02-16 10:57:27.628110',_binary '\0','jwa_randung 님이 피드에 댓글을 작성하였습니다.','FEED',10,8,66),(182,'2024-02-16 10:57:42.010457',_binary '\0','2024-02-16 10:57:42.010457',_binary '\0','jwa_randung님이 팔로우하였습니다.','FOLLOW',5,8,8),(183,'2024-02-16 10:57:46.911271',_binary '\0','2024-02-16 10:57:46.911271',_binary '\0','jwa_randung님이 팔로우하였습니다.','FOLLOW',1,8,8),(184,'2024-02-16 10:57:48.735601',_binary '\0','2024-02-16 10:57:48.735601',_binary '\0','jwa_randung님이 팔로우하였습니다.','FOLLOW',10,8,8),(185,'2024-02-16 10:58:03.115724',_binary '\0','2024-02-16 10:58:03.115724',_binary '\0','jwa_randung 님이 피드를 좋아요 하였습니다.','FEED',5,8,64),(186,'2024-02-16 10:58:06.032830',_binary '\0','2024-02-16 10:58:06.032830',_binary '\0','jwa_randung 님이 피드를 좋아요 하였습니다.','FEED',5,8,59),(187,'2024-02-16 10:58:07.848883',_binary '\0','2024-02-16 10:58:07.848883',_binary '\0','jwa_randung 님이 피드를 좋아요 하였습니다.','FEED',5,8,55),(188,'2024-02-16 10:58:09.257556',_binary '\0','2024-02-16 10:58:09.257556',_binary '\0','jwa_randung 님이 피드를 좋아요 하였습니다.','FEED',5,8,53),(189,'2024-02-16 10:58:10.941759',_binary '\0','2024-02-16 10:58:10.941759',_binary '\0','jwa_randung 님이 피드를 좋아요 하였습니다.','FEED',5,8,17),(190,'2024-02-16 10:58:12.056811',_binary '\0','2024-02-16 10:58:12.056811',_binary '\0','jwa_randung 님이 피드를 좋아요 하였습니다.','FEED',10,8,14),(191,'2024-02-16 10:58:14.911593',_binary '\0','2024-02-16 10:58:14.911593',_binary '\0','jwa_randung 님이 피드를 좋아요 하였습니다.','FEED',12,8,12),(192,'2024-02-16 10:58:16.562245',_binary '\0','2024-02-16 10:58:16.562245',_binary '\0','jwa_randung 님이 피드를 좋아요 하였습니다.','FEED',11,8,10),(193,'2024-02-16 10:58:22.588511',_binary '\0','2024-02-16 10:58:22.588511',_binary '\0','jwa_randung 님이 피드에 댓글을 작성하였습니다.','FEED',11,8,10),(194,'2024-02-16 10:58:26.994827',_binary '\0','2024-02-16 15:17:02.029463',_binary '','jwa_randung 님이 피드를 좋아요 하였습니다.','FEED',5,8,9),(195,'2024-02-16 10:58:28.573644',_binary '\0','2024-02-16 15:09:54.081180',_binary '','jwa_randung 님이 피드를 좋아요 하였습니다.','FEED',5,8,8),(196,'2024-02-16 10:58:30.512668',_binary '\0','2024-02-16 10:58:30.512668',_binary '\0','jwa_randung 님이 피드를 좋아요 하였습니다.','FEED',10,8,7),(197,'2024-02-16 10:58:41.305241',_binary '\0','2024-02-16 11:20:18.903123',_binary '','jwa_randung 님이 피드에 댓글을 작성하였습니다.','FEED',10,8,7),(198,'2024-02-16 10:58:44.333579',_binary '\0','2024-02-16 10:58:44.333579',_binary '\0','jwa_randung 님이 피드를 좋아요 하였습니다.','FEED',9,8,6),(199,'2024-02-16 10:58:47.428434',_binary '\0','2024-02-16 10:58:47.428434',_binary '\0','jwa_randung 님이 피드를 좋아요 하였습니다.','FEED',7,8,5),(200,'2024-02-16 10:58:48.782232',_binary '\0','2024-02-16 10:58:48.782232',_binary '\0','jwa_randung 님이 피드를 좋아요 하였습니다.','FEED',7,8,4),(201,'2024-02-16 10:58:52.410745',_binary '\0','2024-02-16 10:58:52.410745',_binary '\0','jwa_randung 님이 피드를 좋아요 하였습니다.','FEED',3,8,1),(202,'2024-02-16 10:58:57.729185',_binary '\0','2024-02-16 13:45:07.758641',_binary '','jwa_randung 님이 피드에 댓글을 작성하였습니다.','FEED',3,8,1),(203,'2024-02-16 11:04:34.246545',_binary '\0','2024-02-16 14:24:50.275646',_binary '','Hover 님이 피드에 댓글을 작성하였습니다.','FEED',5,9,64),(204,'2024-02-16 11:04:37.890234',_binary '\0','2024-02-16 14:10:31.851899',_binary '','Hover 님이 피드를 좋아요 하였습니다.','FEED',5,9,64),(205,'2024-02-16 11:04:39.448584',_binary '\0','2024-02-16 13:13:34.777192',_binary '','Hover 님이 피드를 좋아요 취소 하였습니다.','FEED',5,9,64),(206,'2024-02-16 11:08:26.627448',_binary '\0','2024-02-16 13:13:29.873697',_binary '','jwa_randung 님이 피드에 댓글을 작성하였습니다.','FEED',5,8,17),(207,'2024-02-16 11:10:14.468905',_binary '\0','2024-02-16 11:20:27.043297',_binary '','으리 님이 피드를 좋아요 하였습니다.','FEED',10,14,68),(208,'2024-02-16 11:20:14.078237',_binary '\0','2024-02-16 11:20:31.235181',_binary '','으리 님이 피드를 좋아요 하였습니다.','FEED',8,14,82),(209,'2024-02-16 11:20:29.097946',_binary '\0','2024-02-16 11:20:29.097946',_binary '\0','데드 님이 피드를 좋아요 하였습니다.','FEED',12,16,75),(210,'2024-02-16 11:20:52.880915',_binary '\0','2024-02-16 11:26:05.320341',_binary '','SSAFY 님이 피드를 좋아요 하였습니다.','FEED',8,3,82),(211,'2024-02-16 11:24:26.257024',_binary '\0','2024-02-16 11:24:41.280283',_binary '','데드님께서 싸피생들은운동하러와 클럽에 가입을 요청하였습니다.','CLUB_LEADER',1,16,4),(212,'2024-02-16 11:24:26.522515',_binary '\0','2024-02-16 11:24:37.800240',_binary '','으리님께서 싸피생들은운동하러와 클럽에 가입을 요청하였습니다.','CLUB_LEADER',1,14,4),(213,'2024-02-16 11:24:28.705633',_binary '\0','2024-02-16 11:24:28.705633',_binary '\0','jwa_randung님께서 싸피생들은운동하러와 클럽에 가입을 요청하였습니다.','CLUB_LEADER',1,8,4),(214,'2024-02-16 11:24:29.183953',_binary '\0','2024-02-16 11:24:29.183953',_binary '\0','SSAFY님께서 싸피생들은운동하러와 클럽에 가입을 요청하였습니다.','CLUB_LEADER',1,3,4),(215,'2024-02-16 11:24:36.533462',_binary '\0','2024-02-16 11:24:36.533462',_binary '\0','싸피생들은운동하러와 클럽의 가입 요청이 승낙되었습니다.','CLUB_MEMBER',14,1,4),(216,'2024-02-16 11:24:40.128171',_binary '\0','2024-02-16 11:24:40.128171',_binary '\0','싸피생들은운동하러와 클럽의 가입 요청이 거절되었습니다.','CLUB_MEMBER',16,1,4),(217,'2024-02-16 12:16:13.861697',_binary '\0','2024-02-16 12:16:13.861697',_binary '\0','마루세1님이 팔로우하였습니다.','FOLLOW',12,13,13),(218,'2024-02-16 13:13:08.156161',_binary '\0','2024-02-16 13:13:08.156161',_binary '\0','soyonii 님이 피드를 좋아요 하였습니다.','FEED',13,5,83),(219,'2024-02-16 13:13:16.004296',_binary '\0','2024-02-16 13:13:16.004296',_binary '\0','soyonii 님이 피드에 댓글을 작성하였습니다.','FEED',13,5,83),(220,'2024-02-16 13:13:23.217460',_binary '\0','2024-02-16 13:13:23.217460',_binary '\0','soyonii 님이 피드에 댓글을 작성하였습니다.','FEED',13,5,83),(221,'2024-02-16 13:14:12.812280',_binary '\0','2024-02-16 13:14:12.812280',_binary '\0','soyonii 님이 피드에 댓글을 작성하였습니다.','FEED',13,5,83),(222,'2024-02-16 13:15:33.455906',_binary '\0','2024-02-16 13:15:33.455906',_binary '\0','마루세1 님이 피드를 좋아요 하였습니다.','FEED',8,13,82),(223,'2024-02-16 13:15:41.227020',_binary '\0','2024-02-16 13:15:41.227020',_binary '\0','마루세1 님이 피드에 댓글을 작성하였습니다.','FEED',8,13,82),(224,'2024-02-16 13:29:56.189322',_binary '\0','2024-02-16 13:29:56.189322',_binary '\0','으리 님이 피드를 좋아요 하였습니다.','FEED',14,14,84),(225,'2024-02-16 13:31:46.300559',_binary '\0','2024-02-16 13:31:46.300559',_binary '\0','마루세1 님이 피드를 좋아요 하였습니다.','FEED',14,13,84),(226,'2024-02-16 13:50:00.502914',_binary '\0','2024-02-16 13:51:12.492352',_binary '','이영서님이 팔로우하였습니다.','FOLLOW',3,2,2);
/*!40000 ALTER TABLE `notification` ENABLE KEYS */;
UNLOCK TABLES;

--
-- Table structure for table `routine`
--

DROP TABLE IF EXISTS `routine`;
/*!40101 SET @saved_cs_client     = @@character_set_client */;
/*!50503 SET character_set_client = utf8mb4 */;
CREATE TABLE `routine` (
  `routine_id` int NOT NULL AUTO_INCREMENT,
  `created_at` datetime(6) DEFAULT NULL,
  `flag` bit(1) NOT NULL DEFAULT b'0',
  `modified_at` datetime(6) DEFAULT NULL,
  `date` date DEFAULT NULL,
  `title` varchar(50) DEFAULT NULL,
  `which_day` int DEFAULT NULL,
  `user_id` int DEFAULT NULL,
  PRIMARY KEY (`routine_id`),
  KEY `FKrnd1817o40yyif3tnuw9medf8` (`user_id`),
  CONSTRAINT `FKrnd1817o40yyif3tnuw9medf8` FOREIGN KEY (`user_id`) REFERENCES `user` (`user_id`)
) ENGINE=InnoDB AUTO_INCREMENT=148 DEFAULT CHARSET=utf8mb4 COLLATE=utf8mb4_0900_ai_ci;
/*!40101 SET character_set_client = @saved_cs_client */;

--
-- Dumping data for table `routine`
--

LOCK TABLES `routine` WRITE;
/*!40000 ALTER TABLE `routine` DISABLE KEYS */;
INSERT INTO `routine` VALUES (1,'2024-02-16 03:00:34.432847',_binary '\0','2024-02-16 03:00:34.432847','2024-02-12',NULL,1,1),(2,'2024-02-16 03:00:34.463091',_binary '\0','2024-02-16 03:00:34.463091','2024-02-13',NULL,2,1),(3,'2024-02-16 03:00:34.484313',_binary '\0','2024-02-16 03:00:34.484313','2024-02-14',NULL,3,1),(4,'2024-02-16 03:00:34.506726',_binary '\0','2024-02-16 03:00:34.506726','2024-02-15',NULL,4,1),(5,'2024-02-16 03:00:34.525981',_binary '\0','2024-02-16 03:00:34.525981','2024-02-16',NULL,5,1),(6,'2024-02-16 03:00:34.542854',_binary '\0','2024-02-16 03:00:34.542854','2024-02-17',NULL,6,1),(7,'2024-02-16 03:00:34.564968',_binary '\0','2024-02-16 03:00:34.564968','2024-02-18',NULL,7,1),(8,'2024-02-16 03:19:58.629189',_binary '\0','2024-02-16 03:19:58.629189','2024-02-12',NULL,1,2),(9,'2024-02-16 03:19:58.633834',_binary '\0','2024-02-16 03:19:58.633834','2024-02-13',NULL,2,2),(10,'2024-02-16 03:19:58.637828',_binary '\0','2024-02-16 03:19:58.637828','2024-02-14',NULL,3,2),(11,'2024-02-16 03:19:58.645477',_binary '\0','2024-02-16 03:19:58.645477','2024-02-15',NULL,4,2),(12,'2024-02-16 03:19:58.649383',_binary '\0','2024-02-16 03:19:58.649383','2024-02-16',NULL,5,2),(13,'2024-02-16 03:19:58.653574',_binary '\0','2024-02-16 03:19:58.653574','2024-02-17',NULL,6,2),(14,'2024-02-16 03:19:58.657622',_binary '\0','2024-02-16 03:19:58.657622','2024-02-18',NULL,7,2),(15,'2024-02-16 03:23:52.737319',_binary '\0','2024-02-16 03:23:52.737319','2024-02-12',NULL,1,3),(16,'2024-02-16 03:23:52.743473',_binary '\0','2024-02-16 03:23:52.743473','2024-02-13',NULL,2,3),(17,'2024-02-16 03:23:52.747707',_binary '\0','2024-02-16 03:23:52.747707','2024-02-14',NULL,3,3),(18,'2024-02-16 03:23:52.758720',_binary '\0','2024-02-16 03:23:52.758720','2024-02-15',NULL,4,3),(19,'2024-02-16 03:23:52.771723',_binary '\0','2024-02-16 03:23:52.771723','2024-02-16',NULL,5,3),(20,'2024-02-16 03:23:52.775928',_binary '\0','2024-02-16 03:23:52.775928','2024-02-17',NULL,6,3),(21,'2024-02-16 03:23:52.786590',_binary '\0','2024-02-16 03:23:52.786590','2024-02-18',NULL,7,3),(22,'2024-02-16 03:43:29.824506',_binary '\0','2024-02-16 03:43:29.824506','2024-02-12',NULL,1,4),(23,'2024-02-16 03:43:29.849542',_binary '\0','2024-02-16 03:43:29.849542','2024-02-13',NULL,2,4),(24,'2024-02-16 03:43:29.856512',_binary '\0','2024-02-16 03:43:29.856512','2024-02-14',NULL,3,4),(25,'2024-02-16 03:43:29.866552',_binary '\0','2024-02-16 03:43:29.866552','2024-02-15',NULL,4,4),(26,'2024-02-16 03:43:29.875227',_binary '\0','2024-02-16 03:43:29.875227','2024-02-16',NULL,5,4),(27,'2024-02-16 03:43:29.883210',_binary '\0','2024-02-16 03:43:29.883210','2024-02-17',NULL,6,4),(28,'2024-02-16 03:43:29.891831',_binary '\0','2024-02-16 03:43:29.891831','2024-02-18',NULL,7,4),(29,'2024-02-16 08:38:41.722598',_binary '\0','2024-02-16 08:38:41.722598','2024-02-12',NULL,1,5),(30,'2024-02-16 08:38:41.727820',_binary '\0','2024-02-16 08:38:41.727820','2024-02-13',NULL,2,5),(31,'2024-02-16 08:38:41.730860',_binary '\0','2024-02-16 08:38:41.730860','2024-02-14',NULL,3,5),(32,'2024-02-16 08:38:41.734121',_binary '\0','2024-02-16 08:38:41.734121','2024-02-15',NULL,4,5),(33,'2024-02-16 08:38:41.737126',_binary '\0','2024-02-16 08:38:41.737126','2024-02-16',NULL,5,5),(34,'2024-02-16 08:38:41.740587',_binary '\0','2024-02-16 08:38:41.740587','2024-02-17',NULL,6,5),(35,'2024-02-16 08:38:41.743843',_binary '\0','2024-02-16 08:38:41.743843','2024-02-18',NULL,7,5),(36,'2024-02-16 08:39:43.003697',_binary '\0','2024-02-16 08:39:43.003697','2024-02-12',NULL,1,6),(37,'2024-02-16 08:39:43.007136',_binary '\0','2024-02-16 08:39:43.007136','2024-02-13',NULL,2,6),(38,'2024-02-16 08:39:43.009984',_binary '\0','2024-02-16 08:39:43.009984','2024-02-14',NULL,3,6),(39,'2024-02-16 08:39:43.013152',_binary '\0','2024-02-16 08:39:43.013152','2024-02-15',NULL,4,6),(40,'2024-02-16 08:39:43.016976',_binary '\0','2024-02-16 08:39:43.016976','2024-02-16',NULL,5,6),(41,'2024-02-16 08:39:43.019834',_binary '\0','2024-02-16 08:39:43.019834','2024-02-17',NULL,6,6),(42,'2024-02-16 08:39:43.022805',_binary '\0','2024-02-16 08:39:43.022805','2024-02-18',NULL,7,6),(43,'2024-02-16 08:41:02.243270',_binary '\0','2024-02-16 08:41:02.243270','2024-02-12',NULL,1,7),(44,'2024-02-16 08:41:02.246811',_binary '\0','2024-02-16 08:41:02.246811','2024-02-13',NULL,2,7),(45,'2024-02-16 08:41:02.250216',_binary '\0','2024-02-16 08:41:02.250216','2024-02-14',NULL,3,7),(46,'2024-02-16 08:41:02.253010',_binary '\0','2024-02-16 08:41:02.253010','2024-02-15',NULL,4,7),(47,'2024-02-16 08:41:02.255918',_binary '\0','2024-02-16 08:41:02.255918','2024-02-16',NULL,5,7),(48,'2024-02-16 08:41:02.259122',_binary '\0','2024-02-16 08:41:02.259122','2024-02-17',NULL,6,7),(49,'2024-02-16 08:41:02.262303',_binary '\0','2024-02-16 08:41:02.262303','2024-02-18',NULL,7,7),(50,'2024-02-16 09:00:13.510434',_binary '\0','2024-02-16 09:00:13.510434','2024-02-12',NULL,1,8),(51,'2024-02-16 09:00:13.524118',_binary '\0','2024-02-16 09:00:13.524118','2024-02-13',NULL,2,8),(52,'2024-02-16 09:00:13.527980',_binary '\0','2024-02-16 09:00:13.527980','2024-02-14',NULL,3,8),(53,'2024-02-16 09:00:13.531893',_binary '\0','2024-02-16 09:00:13.531893','2024-02-15',NULL,4,8),(54,'2024-02-16 09:00:13.536557',_binary '\0','2024-02-16 09:00:13.536557','2024-02-16',NULL,5,8),(55,'2024-02-16 09:00:13.540360',_binary '\0','2024-02-16 09:00:13.540360','2024-02-17',NULL,6,8),(56,'2024-02-16 09:00:13.544443',_binary '\0','2024-02-16 09:00:13.544443','2024-02-18',NULL,7,8),(57,'2024-02-16 09:00:38.913426',_binary '\0','2024-02-16 09:00:38.913426','2024-02-12',NULL,1,9),(58,'2024-02-16 09:00:38.918473',_binary '\0','2024-02-16 09:00:38.918473','2024-02-13',NULL,2,9),(59,'2024-02-16 09:00:38.921868',_binary '\0','2024-02-16 09:00:38.921868','2024-02-14',NULL,3,9),(60,'2024-02-16 09:00:38.925520',_binary '\0','2024-02-16 09:00:38.925520','2024-02-15',NULL,4,9),(61,'2024-02-16 09:00:38.929438',_binary '\0','2024-02-16 09:00:38.929438','2024-02-16',NULL,5,9),(62,'2024-02-16 09:00:38.933221',_binary '\0','2024-02-16 09:00:38.933221','2024-02-17',NULL,6,9),(63,'2024-02-16 09:00:38.936991',_binary '\0','2024-02-16 09:00:38.936991','2024-02-18',NULL,7,9),(64,'2024-02-16 09:03:40.553575',_binary '\0','2024-02-16 09:03:40.553575','2024-02-12',NULL,1,10),(65,'2024-02-16 09:03:40.557580',_binary '\0','2024-02-16 09:03:40.557580','2024-02-13',NULL,2,10),(66,'2024-02-16 09:03:40.560618',_binary '\0','2024-02-16 09:03:40.560618','2024-02-14',NULL,3,10),(67,'2024-02-16 09:03:40.563476',_binary '\0','2024-02-16 09:03:40.563476','2024-02-15',NULL,4,10),(68,'2024-02-16 09:03:40.566472',_binary '\0','2024-02-16 09:03:40.566472','2024-02-16',NULL,5,10),(69,'2024-02-16 09:03:40.569565',_binary '\0','2024-02-16 09:03:40.569565','2024-02-17',NULL,6,10),(70,'2024-02-16 09:03:40.572559',_binary '\0','2024-02-16 09:03:40.572559','2024-02-18',NULL,7,10),(71,'2024-02-16 09:05:31.875704',_binary '\0','2024-02-16 09:05:31.875704','2024-02-12',NULL,1,11),(72,'2024-02-16 09:05:31.879373',_binary '\0','2024-02-16 09:05:31.879373','2024-02-13',NULL,2,11),(73,'2024-02-16 09:05:31.882631',_binary '\0','2024-02-16 09:05:31.882631','2024-02-14',NULL,3,11),(74,'2024-02-16 09:05:31.885629',_binary '\0','2024-02-16 09:05:31.885629','2024-02-15',NULL,4,11),(75,'2024-02-16 09:05:31.888560',_binary '\0','2024-02-16 09:05:31.888560','2024-02-16',NULL,5,11),(76,'2024-02-16 09:05:31.891382',_binary '\0','2024-02-16 09:05:31.891382','2024-02-17',NULL,6,11),(77,'2024-02-16 09:05:31.894239',_binary '\0','2024-02-16 09:05:31.894239','2024-02-18',NULL,7,11),(78,'2024-02-16 09:08:34.193590',_binary '\0','2024-02-16 09:08:34.193590','2024-02-12',NULL,1,12),(79,'2024-02-16 09:08:34.196979',_binary '\0','2024-02-16 09:08:34.196979','2024-02-13',NULL,2,12),(80,'2024-02-16 09:08:34.199946',_binary '\0','2024-02-16 09:08:34.199946','2024-02-14',NULL,3,12),(81,'2024-02-16 09:08:34.202765',_binary '\0','2024-02-16 09:08:34.202765','2024-02-15',NULL,4,12),(82,'2024-02-16 09:08:34.205863',_binary '\0','2024-02-16 09:08:34.205863','2024-02-16',NULL,5,12),(83,'2024-02-16 09:08:34.208922',_binary '\0','2024-02-16 09:08:34.208922','2024-02-17',NULL,6,12),(84,'2024-02-16 09:08:34.211668',_binary '\0','2024-02-16 09:08:34.211668','2024-02-18',NULL,7,12),(85,'2024-02-16 09:23:14.119856',_binary '\0','2024-02-16 09:23:14.119856','2024-02-12',NULL,1,13),(86,'2024-02-16 09:23:14.130419',_binary '\0','2024-02-16 09:23:14.130419','2024-02-13',NULL,2,13),(87,'2024-02-16 09:23:14.134401',_binary '\0','2024-02-16 09:23:14.134401','2024-02-14',NULL,3,13),(88,'2024-02-16 09:23:14.141556',_binary '\0','2024-02-16 09:23:14.141556','2024-02-15',NULL,4,13),(89,'2024-02-16 09:23:14.144743',_binary '\0','2024-02-16 09:23:14.144743','2024-02-16',NULL,5,13),(90,'2024-02-16 09:23:14.147184',_binary '\0','2024-02-16 09:23:14.147184','2024-02-17',NULL,6,13),(91,'2024-02-16 09:23:14.149837',_binary '\0','2024-02-16 09:23:14.149837','2024-02-18',NULL,7,13),(92,'2024-02-16 09:39:29.732128',_binary '\0','2024-02-16 09:39:29.732128','2024-02-12',NULL,1,14),(93,'2024-02-16 09:39:29.735887',_binary '\0','2024-02-16 09:39:29.735887','2024-02-13',NULL,2,14),(94,'2024-02-16 09:39:29.738647',_binary '\0','2024-02-16 09:39:29.738647','2024-02-14',NULL,3,14),(95,'2024-02-16 09:39:29.741584',_binary '\0','2024-02-16 09:39:29.741584','2024-02-15',NULL,4,14),(96,'2024-02-16 09:39:29.744018',_binary '\0','2024-02-16 09:39:29.744018','2024-02-16',NULL,5,14),(97,'2024-02-16 09:39:29.747028',_binary '\0','2024-02-16 09:39:29.747028','2024-02-17',NULL,6,14),(98,'2024-02-16 09:39:29.749499',_binary '\0','2024-02-16 09:39:29.749499','2024-02-18',NULL,7,14),(99,'2024-02-16 10:56:51.174243',_binary '\0','2024-02-16 10:56:51.174243','2024-02-12',NULL,1,15),(100,'2024-02-16 10:56:51.184453',_binary '\0','2024-02-16 10:56:51.184453','2024-02-13',NULL,2,15),(101,'2024-02-16 10:56:51.186951',_binary '\0','2024-02-16 10:56:51.186951','2024-02-14',NULL,3,15),(102,'2024-02-16 10:56:51.189253',_binary '\0','2024-02-16 10:56:51.189253','2024-02-15',NULL,4,15),(103,'2024-02-16 10:56:51.192286',_binary '\0','2024-02-16 10:56:51.192286','2024-02-16',NULL,5,15),(104,'2024-02-16 10:56:51.194807',_binary '\0','2024-02-16 10:56:51.194807','2024-02-17',NULL,6,15),(105,'2024-02-16 10:56:51.197744',_binary '\0','2024-02-16 10:56:51.197744','2024-02-18',NULL,7,15),(106,'2024-02-16 11:06:02.740464',_binary '\0','2024-02-16 11:06:02.740464','2024-02-12',NULL,1,16),(107,'2024-02-16 11:06:02.743506',_binary '\0','2024-02-16 11:06:02.743506','2024-02-13',NULL,2,16),(108,'2024-02-16 11:06:02.745640',_binary '\0','2024-02-16 11:06:02.745640','2024-02-14',NULL,3,16),(109,'2024-02-16 11:06:02.747828',_binary '\0','2024-02-16 11:06:02.747828','2024-02-15',NULL,4,16),(110,'2024-02-16 11:06:02.752336',_binary '\0','2024-02-16 11:06:02.752336','2024-02-16',NULL,5,16),(111,'2024-02-16 11:06:02.754934',_binary '\0','2024-02-16 11:06:02.754934','2024-02-17',NULL,6,16),(112,'2024-02-16 11:06:02.757242',_binary '\0','2024-02-16 11:06:02.757242','2024-02-18',NULL,7,16),(113,'2024-02-16 11:14:43.478612',_binary '\0','2024-02-16 11:14:43.478612','2024-02-12',NULL,1,17),(114,'2024-02-16 11:14:43.481269',_binary '\0','2024-02-16 11:14:43.481269','2024-02-13',NULL,2,17),(115,'2024-02-16 11:14:43.483315',_binary '\0','2024-02-16 11:14:43.483315','2024-02-14',NULL,3,17),(116,'2024-02-16 11:14:43.485690',_binary '\0','2024-02-16 11:14:43.485690','2024-02-15',NULL,4,17),(117,'2024-02-16 11:14:43.487758',_binary '\0','2024-02-16 11:14:43.487758','2024-02-16',NULL,5,17),(118,'2024-02-16 11:14:43.490086',_binary '\0','2024-02-16 11:14:43.490086','2024-02-17',NULL,6,17),(119,'2024-02-16 11:14:43.492303',_binary '\0','2024-02-16 11:14:43.492303','2024-02-18',NULL,7,17),(120,'2024-02-16 11:15:37.499741',_binary '\0','2024-02-16 11:15:37.499741','2024-02-12',NULL,1,18),(121,'2024-02-16 11:15:37.502180',_binary '\0','2024-02-16 11:15:37.502180','2024-02-13',NULL,2,18),(122,'2024-02-16 11:15:37.504460',_binary '\0','2024-02-16 11:15:37.504460','2024-02-14',NULL,3,18),(123,'2024-02-16 11:15:37.506921',_binary '\0','2024-02-16 11:15:37.506921','2024-02-15',NULL,4,18),(124,'2024-02-16 11:15:37.509208',_binary '\0','2024-02-16 11:15:37.509208','2024-02-16',NULL,5,18),(125,'2024-02-16 11:15:37.511299',_binary '\0','2024-02-16 11:15:37.511299','2024-02-17',NULL,6,18),(126,'2024-02-16 11:15:37.513617',_binary '\0','2024-02-16 11:15:37.513617','2024-02-18',NULL,7,18),(127,'2024-02-16 11:20:50.455519',_binary '\0','2024-02-16 11:20:50.455519','2024-02-12',NULL,1,19),(128,'2024-02-16 11:20:50.458361',_binary '\0','2024-02-16 11:20:50.458361','2024-02-13',NULL,2,19),(129,'2024-02-16 11:20:50.461010',_binary '\0','2024-02-16 11:20:50.461010','2024-02-14',NULL,3,19),(130,'2024-02-16 11:20:50.463134',_binary '\0','2024-02-16 11:20:50.463134','2024-02-15',NULL,4,19),(131,'2024-02-16 11:20:50.465224',_binary '\0','2024-02-16 11:20:50.465224','2024-02-16',NULL,5,19),(132,'2024-02-16 11:20:50.467246',_binary '\0','2024-02-16 11:20:50.467246','2024-02-17',NULL,6,19),(133,'2024-02-16 11:20:50.470434',_binary '\0','2024-02-16 11:20:50.470434','2024-02-18',NULL,7,19),(134,'2024-02-16 11:21:23.837891',_binary '\0','2024-02-16 11:21:23.837891','2024-02-12',NULL,1,20),(135,'2024-02-16 11:21:23.840271',_binary '\0','2024-02-16 11:21:23.840271','2024-02-13',NULL,2,20),(136,'2024-02-16 11:21:23.842342',_binary '\0','2024-02-16 11:21:23.842342','2024-02-14',NULL,3,20),(137,'2024-02-16 11:21:23.844448',_binary '\0','2024-02-16 11:21:23.844448','2024-02-15',NULL,4,20),(138,'2024-02-16 11:21:23.846633',_binary '\0','2024-02-16 11:21:23.846633','2024-02-16',NULL,5,20),(139,'2024-02-16 11:21:23.848678',_binary '\0','2024-02-16 11:21:23.848678','2024-02-17',NULL,6,20),(140,'2024-02-16 11:21:23.850612',_binary '\0','2024-02-16 11:21:23.850612','2024-02-18',NULL,7,20),(141,'2024-02-18 01:16:00.457286',_binary '\0','2024-02-18 01:16:00.457286','2024-02-12',NULL,1,21),(142,'2024-02-18 01:16:00.459528',_binary '\0','2024-02-18 01:16:00.459528','2024-02-13',NULL,2,21),(143,'2024-02-18 01:16:00.461495',_binary '\0','2024-02-18 01:16:00.461495','2024-02-14',NULL,3,21),(144,'2024-02-18 01:16:00.463423',_binary '\0','2024-02-18 01:16:00.463423','2024-02-15',NULL,4,21),(145,'2024-02-18 01:16:00.465328',_binary '\0','2024-02-18 01:16:00.465328','2024-02-16',NULL,5,21),(146,'2024-02-18 01:16:00.467132',_binary '\0','2024-02-18 01:16:00.467132','2024-02-17',NULL,6,21),(147,'2024-02-18 01:16:00.468966',_binary '\0','2024-02-18 01:16:00.468966','2024-02-18',NULL,7,21);
/*!40000 ALTER TABLE `routine` ENABLE KEYS */;
UNLOCK TABLES;

--
-- Table structure for table `tag`
--

DROP TABLE IF EXISTS `tag`;
/*!40101 SET @saved_cs_client     = @@character_set_client */;
/*!50503 SET character_set_client = utf8mb4 */;
CREATE TABLE `tag` (
  `tag_id` int NOT NULL,
  `tag` varchar(255) DEFAULT NULL,
  PRIMARY KEY (`tag_id`),
  UNIQUE KEY `UK_o57lceede8jwia5g1f6mgkidq` (`tag`)
) ENGINE=InnoDB DEFAULT CHARSET=utf8mb4 COLLATE=utf8mb4_0900_ai_ci;
/*!40101 SET character_set_client = @saved_cs_client */;

--
-- Dumping data for table `tag`
--

LOCK TABLES `tag` WRITE;
/*!40000 ALTER TABLE `tag` DISABLE KEYS */;
INSERT INTO `tag` VALUES (3,'#'),(99,'#고구마'),(64,'#김밥'),(102,'#누들'),(107,'#단백질'),(72,'#무맛'),(76,'#삼겹살'),(71,'#수분'),(98,'#아보카도'),(70,'#야채'),(73,'#야채?'),(75,'#주말'),(74,'#채소'),(66,'#편의점'),(105,'1kg'),(106,'감량'),(8,'갓생'),(23,'강아지'),(61,'같이'),(101,'골고루'),(59,'공덕동'),(79,'깔맞춤'),(24,'나'),(21,'늘'),(13,'다이어트'),(55,'닭가슴살'),(93,'댓글'),(12,'도시락'),(85,'듯'),(60,'마포구'),(91,'맛없'),(17,'맛없음'),(88,'맛잇는'),(52,'맛있는'),(97,'맞아?'),(58,'배고파'),(83,'변비'),(16,'별로'),(63,'분'),(78,'사레레'),(68,'살은'),(5,'샐러드'),(86,'소세지'),(108,'스쿼트'),(53,'식단'),(11,'싸피'),(69,'안빠짐'),(96,'안함'),(90,'약속'),(80,'어때'),(100,'영양'),(10,'오늘'),(15,'오늘은'),(6,'오운샐'),(1,'오운완'),(84,'올'),(4,'완료'),(2,'운동'),(67,'유산소'),(87,'이게'),(82,'이러다'),(54,'인증'),(104,'일주일만에'),(9,'자세평가'),(89,'점심'),(94,'좋아요'),(22,'즐거워'),(103,'진정'),(25,'진짜'),(57,'추천'),(65,'친구랑'),(95,'쿠팡'),(56,'큐브'),(20,'테니스'),(77,'테니스화'),(19,'트래킹'),(92,'팔로우'),(81,'푸쉬업'),(62,'하실'),(26,'함'),(7,'행복'),(14,'힘들어'),(18,'ㅠ');
/*!40000 ALTER TABLE `tag` ENABLE KEYS */;
UNLOCK TABLES;

--
-- Table structure for table `tag_seq`
--

DROP TABLE IF EXISTS `tag_seq`;
/*!40101 SET @saved_cs_client     = @@character_set_client */;
/*!50503 SET character_set_client = utf8mb4 */;
CREATE TABLE `tag_seq` (
  `next_val` bigint DEFAULT NULL
) ENGINE=InnoDB DEFAULT CHARSET=utf8mb4 COLLATE=utf8mb4_0900_ai_ci;
/*!40101 SET character_set_client = @saved_cs_client */;

--
-- Dumping data for table `tag_seq`
--

LOCK TABLES `tag_seq` WRITE;
/*!40000 ALTER TABLE `tag_seq` DISABLE KEYS */;
INSERT INTO `tag_seq` VALUES (201);
/*!40000 ALTER TABLE `tag_seq` ENABLE KEYS */;
UNLOCK TABLES;

--
-- Table structure for table `user`
--

DROP TABLE IF EXISTS `user`;
/*!40101 SET @saved_cs_client     = @@character_set_client */;
/*!50503 SET character_set_client = utf8mb4 */;
CREATE TABLE `user` (
  `user_id` int NOT NULL AUTO_INCREMENT,
  `created_at` datetime(6) DEFAULT NULL,
  `flag` bit(1) NOT NULL DEFAULT b'0',
  `modified_at` datetime(6) DEFAULT NULL,
  `activated` bit(1) DEFAULT NULL,
  `address` varchar(50) DEFAULT NULL,
  `age` int DEFAULT NULL,
  `email_id` varchar(50) DEFAULT NULL,
  `exercise_club` bit(1) DEFAULT NULL,
  `food_club` bit(1) DEFAULT NULL,
  `gender` bit(1) DEFAULT NULL,
  `height` int DEFAULT NULL,
  `image` varchar(255) DEFAULT NULL,
  `name` varchar(50) DEFAULT NULL,
  `nickname` varchar(50) DEFAULT NULL,
  `password` varchar(100) DEFAULT NULL,
  `weight` int DEFAULT NULL,
  PRIMARY KEY (`user_id`),
  UNIQUE KEY `UK_r9kvst217faqa7vgeyy51oos0` (`email_id`)
) ENGINE=InnoDB AUTO_INCREMENT=22 DEFAULT CHARSET=utf8mb4 COLLATE=utf8mb4_0900_ai_ci;
/*!40101 SET character_set_client = @saved_cs_client */;

--
-- Dumping data for table `user`
--

LOCK TABLES `user` WRITE;
/*!40000 ALTER TABLE `user` DISABLE KEYS */;
INSERT INTO `user` VALUES (1,'2024-02-16 03:00:34.292010',_binary '\0','2024-02-16 11:24:22.788458',_binary '','서울시 양천구 목동서로10',29,'zzanggu@naver.com',_binary '',_binary '\0',_binary '\0',170,'https://musclebucket.s3.ap-northeast-2.amazonaws.com/user-images/ZZangu.jpg','zzanggu','짱구운동좋아해','$2a$10$8hGk1MiBW8B5t/8zyos0suBe38r4Oqr5S/QxAIrvP0LGJtU3O0mXq',0),(2,'2024-02-16 03:19:58.618894',_binary '\0','2024-02-16 10:42:09.462590',_binary '','서울시 왕십리로 16',29,'tim9603@naver.com',_binary '',_binary '',_binary '\0',180,'https://musclebucket.s3.ap-northeast-2.amazonaws.com/default-images/default_user_image.png','이영서','이영서','$2a$10$6diuecW0j2jtvvfv8q6SdeA5wSrAHP9vCZm.5.3WjgQEcfWcbOmZ.',100),(3,'2024-02-16 03:23:52.725846',_binary '\0','2024-02-16 13:47:27.071673',_binary '','서울시 강남구 역삼동 멀티캠퍼스',25,'ssafy@naver.com',_binary '',_binary '\0',_binary '\0',175,'https://musclebucket.s3.ap-northeast-2.amazonaws.com/default-images/default_user_image.png','싸피','SSAFY','$2a$10$vCuGeoBERhC5cZKvYxHw5e4bPt2JNqIa0aRreWw.M.pCx19awpmpy',90),(4,'2024-02-16 03:43:29.790845',_binary '\0','2024-02-16 09:22:01.494133',_binary '','이천 장바구니 관리택지',31,'chan@naver.com',_binary '\0',_binary '',_binary '\0',185,'https://musclebucket.s3.ap-northeast-2.amazonaws.com/default-images/default_user_image.png','찬의','chan','$2a$10$j4SpcpPSrmS0U5tqsMzZmOMaMDMtMZLznj4wYcKmE0/llAAC8jx02',0),(5,'2024-02-16 08:38:41.711622',_binary '\0','2024-02-16 10:42:19.199800',_binary '','신공덕동 159',26,'thdus981005@naver.com',_binary '',_binary '',_binary '',160,'https://musclebucket.s3.ap-northeast-2.amazonaws.com/user-images/IMG_7374.jpg','좌소연','soyonii','$2a$10$dHEHBuSLEkpG5Hg/ulI85OID.l4UnBAkUkofnRRqF.M4XLwoTWkbe',50),(6,'2024-02-16 08:39:42.991598',_binary '\0','2024-02-16 08:39:42.991598',_binary '','서울시 용산구 트리마제',33,'muscleking@naver.com',_binary '\0',_binary '\0',_binary '',176,'https://musclebucket.s3.ap-northeast-2.amazonaws.com/user-images/%ED%94%84%EB%A1%9C%ED%95%841.jpg','전구구','운동하는사람','$2a$10$TXxHyDNCeG2z0/me64i/L.b85Xg/0TMg29T9icTRNpA.aFIsZTteu',0),(7,'2024-02-16 08:41:02.219117',_binary '\0','2024-02-16 08:50:55.037581',_binary '','서울시 용산구 트리마제',33,'zzanggu1@naver.com',_binary '',_binary '\0',_binary '',177,'https://musclebucket.s3.ap-northeast-2.amazonaws.com/user-images/%ED%94%84%EB%A1%9C%ED%95%841.jpg','전짱구','운동하는여자','$2a$10$U0.iYoThyMsepubIYF7EFOylwP.P2szvOkaALBlyEUB8n3ksH3LW.',0),(8,'2024-02-16 09:00:13.469155',_binary '\0','2024-02-16 09:00:13.469155',_binary '','신공덕동 159',26,'tlzmflt452@naver.com',_binary '\0',_binary '\0',_binary '',160,'https://musclebucket.s3.ap-northeast-2.amazonaws.com/user-images/81522548.png','좌연재','jwa_randung','$2a$10$SLPCp0r1uDm7T6GfCN0cgeDjoX6GVdyXmn/CaEaHfpcGht9rxID3y',0),(9,'2024-02-16 09:00:38.901991',_binary '\0','2024-02-16 10:42:07.260045',_binary '','서울시 관악구 신림동',26,'zsa332@gmail.com',_binary '',_binary '',_binary '\0',170,'https://musclebucket.s3.ap-northeast-2.amazonaws.com/default-images/default_user_image.png','서성원','Hover','$2a$10$lFZUhiAjc/jbblaS5bZNhuevNdNkvGOL.7wccaCr9QEnXjtjJFoyy',63),(10,'2024-02-16 09:03:40.541605',_binary '\0','2024-02-16 10:18:42.718588',_binary '','낙성대',27,'whdwo@naver.com',_binary '',_binary '',_binary '\0',170,'https://musclebucket.s3.ap-northeast-2.amazonaws.com/default-images/default_user_image.png','이종재','낙성대헬린이','$2a$10$fBg.55RCT7UYEI03kP6uI.2SduTJcJQdNhdwaeZBtW1CkBS4WTNWO',67),(11,'2024-02-16 09:05:31.865532',_binary '\0','2024-02-16 09:23:26.220364',_binary '','서울시 강서구 화곡동',44,'goodman@naver.com',_binary '',_binary '',_binary '\0',178,'https://musclebucket.s3.ap-northeast-2.amazonaws.com/user-images/%ED%94%84%EB%A1%9C%ED%95%843.jpg','김종필','운동썬글라스남','$2a$10$P1Iuq9gbc2TsSgYOhqSLROARUE8gVol2ubJP6zRbj/QrSazozZpvC',0),(12,'2024-02-16 09:08:34.183403',_binary '\0','2024-02-16 10:13:50.999491',_binary '','킹콩시 쥬라기',33,'kingkong@naver.com',_binary '',_binary '',_binary '\0',190,'https://musclebucket.s3.ap-northeast-2.amazonaws.com/default-images/default_user_image.png','킹콩','킹콩','$2a$10$PHoZ5YoXdLDz65aZJsgM.OpAmeAcP73iYI79a5S8hG0r1Qk.EIZwS',0),(13,'2024-02-16 09:23:14.107991',_binary '\0','2024-02-16 09:23:14.107991',_binary '','서울시 금천구 독산동',19,'gogoadl@naver.com',_binary '\0',_binary '\0',_binary '\0',140,'https://musclebucket.s3.ap-northeast-2.amazonaws.com/default-images/default_user_image.png','박현우','마루세1','$2a$10$BGf0FsZMa3EySQshnSaUQuusEnvZ6Hlj865FM0X56pkRlp1TVuYvi',0),(14,'2024-02-16 09:39:29.722443',_binary '\0','2024-02-16 11:24:36.535230',_binary '','서울시 관악구 ',27,'rlaqh12@naver.com',_binary '',_binary '\0',_binary '\0',180,'https://musclebucket.s3.ap-northeast-2.amazonaws.com/default-images/default_user_image.png','김보성','으리','$2a$10$LAZwgMxW4i2dtxEipbvbD.9e3nhoNR6DiOmqHyFyP8CRLcn1fu6R2',80),(15,'2024-02-16 10:56:51.151308',_binary '\0','2024-02-16 10:56:51.151308',_binary '','신공덕동 159',26,'thdus98@naver.com',_binary '\0',_binary '\0',_binary '',160,'https://musclebucket.s3.ap-northeast-2.amazonaws.com/user-images/81522548.png','좌랑둥이','jwa_rangdung','$2a$10$VIz.Kyqin4QGXe8B5jmxIObPTnGfWv2u00K18l3JQ3duS7KvFUrQi',0),(16,'2024-02-16 11:06:02.731026',_binary '\0','2024-02-16 11:06:02.731026',_binary '','데드 리프트 카센터',31,'dead@naver.com',_binary '\0',_binary '\0',_binary '\0',185,'https://musclebucket.s3.ap-northeast-2.amazonaws.com/default-images/default_user_image.png','데드','데드','$2a$10$HqfQTYVHEa8viRM.dJsV.OGdPWozYnLl42B9G2qh8ZdpT17MUd1V2',0),(17,'2024-02-16 11:14:43.467179',_binary '\0','2024-02-16 11:14:43.467179',_binary '','.',20,'qwer@qwer.com',_binary '\0',_binary '\0',_binary '\0',150,'https://musclebucket.s3.ap-northeast-2.amazonaws.com/default-images/default_user_image.png','가나다','qwer','$2a$10$0bUJCddEk4TWp3YO0ZbUJ.Di4ez10KZWL1ZeHdeL2jSq5piPq0CP2',0),(18,'2024-02-16 11:15:37.490613',_binary '\0','2024-02-16 11:15:37.490613',_binary '','.',0,'qwer@naver.com',_binary '\0',_binary '\0',_binary '\0',1,'https://musclebucket.s3.ap-northeast-2.amazonaws.com/default-images/default_user_image.png','가나다','qwer','$2a$10$8KKjBfYdUbxiOhrKSM235.e5oOPeTLimNNpdQX0Nhku59B2d364Zq',0),(19,'2024-02-16 11:20:50.446322',_binary '\0','2024-02-16 11:20:50.446322',_binary '','싸피',33,'asdf@asdf.asdf',_binary '\0',_binary '\0',_binary '\0',190,'https://musclebucket.s3.ap-northeast-2.amazonaws.com/default-images/default_user_image.png','asdf','asdf','$2a$10$cOK/0aUe1CuGuVyY6s6Qse2NJqqWM.GbOi340N33IBipJRSEV8cBa',0),(20,'2024-02-16 11:21:23.828785',_binary '\0','2024-02-16 11:21:23.828785',_binary '','f',23,'asdf@naver.com',_binary '\0',_binary '\0',_binary '\0',175,'https://musclebucket.s3.ap-northeast-2.amazonaws.com/default-images/default_user_image.png','asdff','ff','$2a$10$9liNpA4TCd3fnQaX4DHSuuRTJggQmQ5vY9Y.tiKllGlSyU5i5I2hC',0),(21,'2024-02-18 01:16:00.448527',_binary '\0','2024-02-18 01:16:00.448527',_binary '','3',2,'qweqwe1123@naver.com',_binary '\0',_binary '\0',_binary '\0',1,'https://musclebucket.s3.ap-northeast-2.amazonaws.com/default-images/default_user_image.png','이종재','1','$2a$10$oNX5IvQwnGmvdTG9j3jusurqmrmCFN6bklXv95pZjligvQkRJpIPy',0);
/*!40000 ALTER TABLE `user` ENABLE KEYS */;
UNLOCK TABLES;

--
-- Table structure for table `user_authority`
--

DROP TABLE IF EXISTS `user_authority`;
/*!40101 SET @saved_cs_client     = @@character_set_client */;
/*!50503 SET character_set_client = utf8mb4 */;
CREATE TABLE `user_authority` (
  `user_id` int NOT NULL,
  `authority_name` varchar(50) NOT NULL,
  PRIMARY KEY (`user_id`,`authority_name`),
  KEY `FK6ktglpl5mjosa283rvken2py5` (`authority_name`),
  CONSTRAINT `FK6ktglpl5mjosa283rvken2py5` FOREIGN KEY (`authority_name`) REFERENCES `authority` (`authority_name`),
  CONSTRAINT `FKpqlsjpkybgos9w2svcri7j8xy` FOREIGN KEY (`user_id`) REFERENCES `user` (`user_id`)
) ENGINE=InnoDB DEFAULT CHARSET=utf8mb4 COLLATE=utf8mb4_0900_ai_ci;
/*!40101 SET character_set_client = @saved_cs_client */;

--
-- Dumping data for table `user_authority`
--

LOCK TABLES `user_authority` WRITE;
/*!40000 ALTER TABLE `user_authority` DISABLE KEYS */;
INSERT INTO `user_authority` VALUES (1,'ROLE_USER'),(2,'ROLE_USER'),(3,'ROLE_USER'),(4,'ROLE_USER'),(5,'ROLE_USER'),(6,'ROLE_USER'),(7,'ROLE_USER'),(8,'ROLE_USER'),(9,'ROLE_USER'),(10,'ROLE_USER'),(11,'ROLE_USER'),(12,'ROLE_USER'),(13,'ROLE_USER'),(14,'ROLE_USER'),(15,'ROLE_USER'),(16,'ROLE_USER'),(17,'ROLE_USER'),(18,'ROLE_USER'),(19,'ROLE_USER'),(20,'ROLE_USER'),(21,'ROLE_USER');
/*!40000 ALTER TABLE `user_authority` ENABLE KEYS */;
UNLOCK TABLES;

--
-- Table structure for table `user_club`
--

DROP TABLE IF EXISTS `user_club`;
/*!40101 SET @saved_cs_client     = @@character_set_client */;
/*!50503 SET character_set_client = utf8mb4 */;
CREATE TABLE `user_club` (
  `user_club_id` int NOT NULL AUTO_INCREMENT,
  `created_at` datetime(6) DEFAULT NULL,
  `flag` bit(1) NOT NULL DEFAULT b'0',
  `modified_at` datetime(6) DEFAULT NULL,
  `achieve_count` int DEFAULT NULL,
  `achieve_today` bit(1) DEFAULT NULL,
  `authority` int DEFAULT NULL,
  `club_id` int DEFAULT NULL,
  `user_id` int DEFAULT NULL,
  PRIMARY KEY (`user_club_id`),
  KEY `FK19ligkcbt4tyysc67dgny740d` (`club_id`),
  KEY `FKtd07suaqoucsdeacwsqah2rs1` (`user_id`),
  CONSTRAINT `FK19ligkcbt4tyysc67dgny740d` FOREIGN KEY (`club_id`) REFERENCES `club` (`club_id`),
  CONSTRAINT `FKtd07suaqoucsdeacwsqah2rs1` FOREIGN KEY (`user_id`) REFERENCES `user` (`user_id`)
) ENGINE=InnoDB AUTO_INCREMENT=23 DEFAULT CHARSET=utf8mb4 COLLATE=utf8mb4_0900_ai_ci;
/*!40101 SET character_set_client = @saved_cs_client */;

--
-- Dumping data for table `user_club`
--

LOCK TABLES `user_club` WRITE;
/*!40000 ALTER TABLE `user_club` DISABLE KEYS */;
INSERT INTO `user_club` VALUES (1,'2024-02-16 08:50:55.017038',_binary '\0','2024-02-16 08:50:55.017038',0,_binary '\0',0,1,7),(2,'2024-02-16 08:52:14.610976',_binary '\0','2024-02-17 09:00:00.021391',1,_binary '\0',0,2,5),(3,'2024-02-16 09:08:38.728517',_binary '\0','2024-02-17 09:00:00.021471',1,_binary '\0',1,2,10),(4,'2024-02-16 09:09:01.330109',_binary '\0','2024-02-17 09:00:00.021513',1,_binary '\0',1,2,9),(5,'2024-02-16 09:09:02.379195',_binary '\0','2024-02-16 09:09:02.379195',0,_binary '\0',2,1,2),(6,'2024-02-16 09:09:08.669973',_binary '\0','2024-02-16 09:12:40.231214',0,_binary '\0',1,2,11),(7,'2024-02-16 09:09:41.845258',_binary '\0','2024-02-16 09:12:38.260359',0,_binary '\0',1,2,12),(8,'2024-02-16 09:12:34.168300',_binary '\0','2024-02-16 09:12:34.168300',0,_binary '\0',2,1,9),(9,'2024-02-16 09:22:01.486409',_binary '\0','2024-02-16 09:22:01.486409',0,_binary '\0',0,3,4),(10,'2024-02-16 09:22:38.547361',_binary '\0','2024-02-16 09:23:12.004545',0,_binary '\0',1,3,9),(11,'2024-02-16 09:22:49.423465',_binary '\0','2024-02-16 09:23:26.220514',0,_binary '\0',1,3,11),(12,'2024-02-16 09:24:51.920364',_binary '\0','2024-02-17 09:00:00.021569',1,_binary '\0',1,3,12),(13,'2024-02-16 09:32:10.408083',_binary '\0','2024-02-17 09:00:00.021671',1,_binary '\0',1,3,5),(14,'2024-02-16 09:45:40.192172',_binary '\0','2024-02-17 09:00:00.021719',1,_binary '\0',1,3,10),(15,'2024-02-16 10:00:18.519183',_binary '\0','2024-02-16 10:19:01.119471',0,_binary '\0',1,3,2),(16,'2024-02-16 10:00:20.096300',_binary '\0','2024-02-16 10:00:23.662207',0,_binary '\0',1,2,2),(17,'2024-02-16 11:24:22.784163',_binary '\0','2024-02-16 11:24:22.784163',0,_binary '\0',0,4,1),(18,'2024-02-16 11:24:26.255516',_binary '','2024-02-16 11:24:40.129740',0,_binary '\0',2,4,16),(19,'2024-02-16 11:24:26.521032',_binary '\0','2024-02-16 11:24:36.535328',0,_binary '\0',1,4,14),(20,'2024-02-16 11:24:28.704167',_binary '\0','2024-02-16 11:24:28.704167',0,_binary '\0',2,4,8),(21,'2024-02-16 11:24:29.182484',_binary '\0','2024-02-16 11:24:29.182484',0,_binary '\0',2,4,3),(22,'2024-02-16 13:38:26.733526',_binary '\0','2024-02-17 09:00:00.021770',1,_binary '\0',0,5,3);
/*!40000 ALTER TABLE `user_club` ENABLE KEYS */;
UNLOCK TABLES;

--
-- Dumping events for database 'muscle_maker'
--
/*!40103 SET TIME_ZONE=@OLD_TIME_ZONE */;

/*!40101 SET SQL_MODE=@OLD_SQL_MODE */;
/*!40014 SET FOREIGN_KEY_CHECKS=@OLD_FOREIGN_KEY_CHECKS */;
/*!40014 SET UNIQUE_CHECKS=@OLD_UNIQUE_CHECKS */;
/*!40101 SET CHARACTER_SET_CLIENT=@OLD_CHARACTER_SET_CLIENT */;
/*!40101 SET CHARACTER_SET_RESULTS=@OLD_CHARACTER_SET_RESULTS */;
/*!40101 SET COLLATION_CONNECTION=@OLD_COLLATION_CONNECTION */;
/*!40111 SET SQL_NOTES=@OLD_SQL_NOTES */;

-- Dump completed on 2024-02-18 18:09:02
